shipment_id,origin_city,destination_city,package_weight_kg,package_size_cu_m,transport_mode,historical_avg_delivery_time_hrs,traffic_delay_hrs,weather_delay_hrs,estimated_delivery_time_hrs
SHIP10000,Delhi,Chennai,11.0,0.55,Air,18,1.0,0.52,19.52
SHIP10001,Bangalore,Mumbai,10.83,0.53,Rail,36,0.76,0.3,37.059999999999995
SHIP10002,Chennai,Chennai,3.09,0.39,Road,91,0.65,0.16,91.81
SHIP10003,Chennai,Hyderabad,8.86,0.36,Road,111,0.49,0.45,111.94
SHIP10004,Delhi,Delhi,14.43,0.29,Road,76,0.85,0.01,76.86
SHIP10005,Chennai,Hyderabad,14.12,0.42,Road,10,0.98,0.62,11.6
SHIP10006,Delhi,Mumbai,10.12,0.24,Road,95,1.15,0.58,96.73
SHIP10007,Pune,Mumbai,10.94,0.74,Sea,84,0.88,0.68,85.56
SHIP10008,Hyderabad,Delhi,14.61,0.41,Road,35,0.95,0.99,36.940000000000005
SHIP10009,Bangalore,Hyderabad,11.6,0.47,Air,91,0.62,0.31,91.93
SHIP10010,Mumbai,Delhi,5.31,0.19,Road,12,1.17,0.48,13.65
SHIP10011,Delhi,Delhi,8.66,0.59,Road,23,0.9,0.5,24.4
SHIP10012,Pune,Mumbai,10.15,0.75,Rail,111,1.67,0.0,112.67
SHIP10013,Pune,Delhi,11.87,0.59,Road,20,1.24,0.1,21.34
SHIP10014,Mumbai,Hyderabad,11.52,0.88,Road,48,0.18,0.31,48.49
SHIP10015,Delhi,Pune,5.81,0.13,Road,116,0.78,0.65,117.43
SHIP10016,Bangalore,Delhi,11.74,0.46,Air,40,1.78,0.23,42.01
SHIP10017,Pune,Chennai,12.25,0.94,Air,27,0.86,0.63,28.49
SHIP10018,Hyderabad,Hyderabad,8.73,0.43,Sea,41,0.39,0.97,42.36
SHIP10019,Chennai,Hyderabad,21.2,0.61,Road,58,0.69,0.0,58.69
SHIP10020,Bangalore,Chennai,15.57,0.1,Air,82,1.56,0.73,84.29
SHIP10021,Chennai,Hyderabad,12.58,0.09,Rail,89,0.73,0.75,90.48
SHIP10022,Bangalore,Hyderabad,9.08,0.92,Air,88,0.85,1.02,89.86999999999999
SHIP10023,Hyderabad,Hyderabad,10.24,0.17,Road,77,1.26,0.97,79.23
SHIP10024,Bangalore,Hyderabad,7.0,0.22,Road,112,0.95,0.77,113.72
SHIP10025,Hyderabad,Pune,0.5,0.86,Air,58,1.62,1.05,60.669999999999995
SHIP10026,Chennai,Delhi,14.41,0.66,Road,97,1.19,0.57,98.75999999999999
SHIP10027,Bangalore,Chennai,16.65,0.92,Road,61,0.62,0.61,62.23
SHIP10028,Delhi,Bangalore,14.75,0.2,Road,74,0.55,0.58,75.13
SHIP10029,Mumbai,Delhi,8.58,0.84,Air,118,0.68,1.04,119.72000000000001
SHIP10030,Mumbai,Mumbai,14.5,0.06,Road,84,0.59,0.62,85.21000000000001
SHIP10031,Mumbai,Chennai,6.88,0.77,Air,26,1.63,0.57,28.2
SHIP10032,Hyderabad,Chennai,10.2,0.52,Sea,23,0.0,0.75,23.75
SHIP10033,Delhi,Hyderabad,7.25,0.3,Rail,74,1.37,1.24,76.61
SHIP10034,Bangalore,Pune,11.66,0.45,Air,64,0.74,0.38,65.11999999999999
SHIP10035,Mumbai,Pune,2.38,0.24,Rail,47,0.98,0.45,48.43
SHIP10036,Pune,Bangalore,15.44,0.08,Rail,69,1.51,0.79,71.30000000000001
SHIP10037,Chennai,Chennai,12.42,0.97,Air,45,0.0,0.16,45.16
SHIP10038,Mumbai,Delhi,15.5,0.71,Air,102,0.81,0.74,103.55
SHIP10039,Delhi,Pune,12.54,0.43,Road,45,0.79,0.23,46.019999999999996
SHIP10040,Pune,Hyderabad,13.57,0.1,Road,17,1.11,0.61,18.72
SHIP10041,Mumbai,Chennai,13.89,0.59,Rail,116,1.52,0.66,118.17999999999999
SHIP10042,Hyderabad,Hyderabad,13.89,0.41,Rail,106,1.53,0.58,108.11
SHIP10043,Delhi,Delhi,4.13,0.51,Sea,39,0.21,0.59,39.800000000000004
SHIP10044,Mumbai,Delhi,2.8,0.07,Road,83,0.5,0.45,83.95
SHIP10045,Hyderabad,Hyderabad,3.92,0.66,Air,24,0.81,0.2,25.009999999999998
SHIP10046,Hyderabad,Pune,7.06,0.8,Road,49,1.32,0.48,50.8
SHIP10047,Bangalore,Delhi,11.71,0.79,Air,105,0.71,1.04,106.75
SHIP10048,Pune,Delhi,9.91,0.18,Air,69,0.57,0.57,70.13999999999999
SHIP10049,Hyderabad,Delhi,3.72,0.73,Air,106,0.91,0.61,107.52
SHIP10050,Mumbai,Bangalore,13.97,0.65,Road,33,1.18,0.79,34.97
SHIP10051,Pune,Hyderabad,16.02,0.88,Road,40,0.22,0.69,40.91
SHIP10052,Delhi,Chennai,8.0,0.37,Rail,36,0.69,0.28,36.97
SHIP10053,Delhi,Mumbai,7.85,0.92,Road,119,0.72,0.84,120.56
SHIP10054,Mumbai,Bangalore,13.65,0.2,Road,67,0.98,0.33,68.31
SHIP10055,Mumbai,Hyderabad,7.06,0.66,Air,93,0.36,0.46,93.82
SHIP10056,Mumbai,Hyderabad,7.98,0.55,Road,46,0.94,0.71,47.65
SHIP10057,Hyderabad,Hyderabad,3.11,0.24,Air,85,1.08,0.33,86.41
SHIP10058,Delhi,Mumbai,11.42,0.35,Air,95,1.01,0.77,96.78
SHIP10059,Pune,Hyderabad,16.71,0.71,Road,104,0.47,0.24,104.71
SHIP10060,Delhi,Delhi,13.14,0.07,Road,111,1.07,0.18,112.25
SHIP10061,Chennai,Pune,6.91,0.67,Air,88,1.35,0.6,89.94999999999999
SHIP10062,Chennai,Bangalore,5.06,0.79,Road,92,0.4,0.2,92.60000000000001
SHIP10063,Pune,Pune,12.89,0.74,Road,101,1.36,0.09,102.45
SHIP10064,Bangalore,Mumbai,10.03,0.77,Air,10,1.47,0.72,12.190000000000001
SHIP10065,Pune,Bangalore,11.81,0.26,Air,64,1.61,1.1,66.71
SHIP10066,Delhi,Chennai,15.56,0.26,Air,58,1.15,0.41,59.559999999999995
SHIP10067,Hyderabad,Delhi,10.35,0.42,Road,54,0.46,0.6,55.06
SHIP10068,Hyderabad,Pune,12.92,0.65,Air,76,1.53,0.79,78.32000000000001
SHIP10069,Hyderabad,Bangalore,7.18,0.21,Road,18,0.75,1.01,19.76
SHIP10070,Delhi,Delhi,5.08,0.31,Air,72,1.01,0.68,73.69000000000001
SHIP10071,Chennai,Chennai,9.63,0.71,Road,67,1.05,0.77,68.82
SHIP10072,Chennai,Hyderabad,15.78,0.45,Road,34,0.18,0.37,34.55
SHIP10073,Hyderabad,Chennai,16.09,0.55,Road,50,0.59,0.57,51.160000000000004
SHIP10074,Chennai,Delhi,7.52,0.44,Road,18,1.06,0.88,19.939999999999998
SHIP10075,Pune,Delhi,10.74,0.45,Air,106,1.55,1.16,108.71
SHIP10076,Bangalore,Hyderabad,5.27,0.03,Road,59,0.73,0.55,60.279999999999994
SHIP10077,Chennai,Hyderabad,5.88,0.45,Road,51,0.83,0.47,52.3
SHIP10078,Delhi,Hyderabad,15.73,0.25,Road,94,1.43,0.35,95.78
SHIP10079,Delhi,Chennai,12.37,0.18,Rail,14,0.52,0.42,14.94
SHIP10080,Bangalore,Mumbai,5.74,0.54,Road,39,1.01,0.69,40.699999999999996
SHIP10081,Pune,Hyderabad,10.86,0.13,Road,42,1.12,0.86,43.98
SHIP10082,Bangalore,Delhi,15.56,0.02,Rail,103,1.39,0.45,104.84
SHIP10083,Pune,Mumbai,7.15,0.54,Road,101,2.16,0.76,103.92
SHIP10084,Chennai,Pune,10.53,0.56,Road,68,1.38,0.46,69.83999999999999
SHIP10085,Hyderabad,Chennai,13.55,0.61,Road,105,1.19,0.61,106.8
SHIP10086,Chennai,Pune,19.85,0.94,Road,93,0.63,0.36,93.99
SHIP10087,Chennai,Hyderabad,10.06,0.01,Road,49,1.31,0.23,50.54
SHIP10088,Hyderabad,Pune,7.86,0.52,Air,61,0.55,0.59,62.14
SHIP10089,Delhi,Bangalore,6.72,0.5,Road,65,1.27,0.7,66.97
SHIP10090,Bangalore,Bangalore,9.73,0.46,Air,16,1.06,0.75,17.81
SHIP10091,Pune,Hyderabad,9.13,0.04,Road,98,1.9,0.23,100.13000000000001
SHIP10092,Pune,Hyderabad,12.16,0.06,Road,60,1.42,0.61,62.03
SHIP10093,Chennai,Hyderabad,5.18,0.08,Air,74,0.62,1.34,75.96000000000001
SHIP10094,Mumbai,Mumbai,10.0,0.11,Road,25,1.03,0.48,26.51
SHIP10095,Mumbai,Hyderabad,0.99,0.51,Air,115,1.11,0.96,117.07
SHIP10096,Mumbai,Chennai,16.41,0.53,Rail,85,0.78,0.53,86.31
SHIP10097,Hyderabad,Delhi,13.83,0.84,Air,19,1.64,0.97,21.61
SHIP10098,Bangalore,Delhi,13.33,0.03,Road,16,0.58,0.83,17.409999999999997
SHIP10099,Delhi,Delhi,9.2,0.34,Road,76,1.1,0.67,77.77
SHIP10100,Mumbai,Chennai,13.16,0.74,Air,47,1.57,0.58,49.15
SHIP10101,Hyderabad,Bangalore,0.53,0.93,Air,44,1.56,1.04,46.6
SHIP10102,Delhi,Chennai,7.87,0.74,Air,105,1.44,0.28,106.72
SHIP10103,Mumbai,Chennai,13.3,0.04,Rail,58,0.7,0.22,58.92
SHIP10104,Hyderabad,Chennai,8.95,0.83,Rail,80,1.02,0.51,81.53
SHIP10105,Hyderabad,Bangalore,11.71,0.77,Road,96,2.17,0.29,98.46000000000001
SHIP10106,Pune,Delhi,0.5,0.02,Air,118,1.18,0.24,119.42
SHIP10107,Hyderabad,Hyderabad,6.72,0.25,Road,101,1.03,0.54,102.57000000000001
SHIP10108,Delhi,Hyderabad,11.28,0.06,Air,13,1.19,0.7,14.889999999999999
SHIP10109,Hyderabad,Mumbai,10.39,0.65,Road,87,0.6,0.35,87.94999999999999
SHIP10110,Chennai,Chennai,3.19,0.57,Air,63,0.4,0.69,64.09
SHIP10111,Delhi,Bangalore,11.42,0.37,Road,40,1.1,0.36,41.46
SHIP10112,Delhi,Pune,18.6,0.64,Road,19,0.51,0.2,19.71
SHIP10113,Bangalore,Bangalore,3.45,0.8,Road,105,0.41,0.95,106.36
SHIP10114,Pune,Mumbai,11.05,0.1,Air,72,0.83,0.47,73.3
SHIP10115,Bangalore,Pune,6.14,0.78,Road,85,0.6,0.48,86.08
SHIP10116,Chennai,Hyderabad,11.53,0.84,Road,73,1.76,0.5,75.26
SHIP10117,Delhi,Hyderabad,21.02,0.26,Road,30,0.93,0.59,31.52
SHIP10118,Mumbai,Mumbai,10.79,0.13,Road,10,0.0,1.16,11.16
SHIP10119,Hyderabad,Chennai,14.96,0.75,Sea,75,1.3,0.54,76.84
SHIP10120,Delhi,Pune,0.87,0.13,Road,113,1.4,0.74,115.14
SHIP10121,Mumbai,Hyderabad,13.15,0.03,Road,42,1.02,0.21,43.230000000000004
SHIP10122,Hyderabad,Bangalore,12.4,0.3,Road,26,0.75,0.28,27.03
SHIP10123,Bangalore,Delhi,13.47,0.62,Road,42,1.18,0.88,44.06
SHIP10124,Mumbai,Pune,1.96,0.62,Road,98,1.2,0.31,99.51
SHIP10125,Delhi,Delhi,6.21,0.61,Air,112,1.15,0.48,113.63000000000001
SHIP10126,Delhi,Pune,4.46,0.78,Air,38,1.52,0.41,39.93
SHIP10127,Hyderabad,Bangalore,11.16,0.7,Road,96,0.66,0.53,97.19
SHIP10128,Chennai,Delhi,5.72,0.16,Road,27,0.33,0.54,27.869999999999997
SHIP10129,Pune,Delhi,15.9,0.75,Road,79,1.49,0.41,80.89999999999999
SHIP10130,Mumbai,Chennai,17.41,0.33,Road,43,1.05,0.16,44.209999999999994
SHIP10131,Delhi,Hyderabad,15.81,0.1,Road,23,1.48,0.34,24.82
SHIP10132,Bangalore,Chennai,4.91,0.75,Rail,33,0.85,0.34,34.190000000000005
SHIP10133,Mumbai,Delhi,17.36,0.26,Air,27,1.09,0.71,28.8
SHIP10134,Bangalore,Pune,10.78,0.12,Road,100,1.1,0.02,101.11999999999999
SHIP10135,Delhi,Mumbai,9.96,0.34,Road,61,1.0,0.69,62.69
SHIP10136,Pune,Hyderabad,0.5,0.9,Road,108,1.25,0.38,109.63
SHIP10137,Bangalore,Delhi,10.02,0.55,Road,28,1.58,0.67,30.25
SHIP10138,Chennai,Pune,10.59,0.94,Air,102,1.33,0.44,103.77
SHIP10139,Chennai,Bangalore,13.63,0.68,Road,83,1.22,0.0,84.22
SHIP10140,Mumbai,Chennai,8.96,0.82,Air,91,0.88,0.63,92.50999999999999
SHIP10141,Pune,Chennai,9.59,0.24,Road,20,1.41,0.96,22.37
SHIP10142,Mumbai,Pune,15.35,0.07,Road,75,0.73,0.39,76.12
SHIP10143,Mumbai,Delhi,11.41,0.87,Road,30,1.24,0.96,32.199999999999996
SHIP10144,Chennai,Bangalore,8.37,0.14,Air,39,1.15,0.58,40.73
SHIP10145,Hyderabad,Pune,7.99,0.25,Road,49,0.23,0.59,49.82
SHIP10146,Chennai,Hyderabad,7.18,0.61,Sea,19,1.07,1.01,21.080000000000002
SHIP10147,Mumbai,Mumbai,6.96,0.22,Air,94,0.0,0.63,94.63
SHIP10148,Bangalore,Chennai,11.29,0.3,Road,61,0.75,0.08,61.83
SHIP10149,Pune,Bangalore,6.54,0.24,Road,16,1.84,0.6,18.44
SHIP10150,Pune,Delhi,11.91,0.02,Rail,107,1.55,0.0,108.55
SHIP10151,Hyderabad,Bangalore,14.34,0.4,Road,18,1.26,0.67,19.930000000000003
SHIP10152,Bangalore,Delhi,15.69,0.91,Road,68,0.96,0.0,68.96
SHIP10153,Bangalore,Chennai,11.85,0.76,Road,78,1.63,0.7,80.33
SHIP10154,Mumbai,Mumbai,13.53,0.84,Air,100,1.23,0.54,101.77000000000001
SHIP10155,Bangalore,Chennai,1.43,0.78,Road,27,1.04,0.14,28.18
SHIP10156,Pune,Bangalore,7.84,0.36,Road,41,1.3,0.38,42.68
SHIP10157,Bangalore,Mumbai,17.73,0.48,Air,43,0.18,0.71,43.89
SHIP10158,Mumbai,Bangalore,14.38,0.41,Rail,87,0.18,0.74,87.92
SHIP10159,Delhi,Mumbai,5.74,0.22,Road,19,0.84,0.5,20.34
SHIP10160,Delhi,Chennai,9.2,0.77,Road,116,0.91,0.47,117.38
SHIP10161,Chennai,Mumbai,11.44,0.03,Air,36,0.52,0.26,36.78
SHIP10162,Hyderabad,Hyderabad,1.83,0.27,Road,31,0.36,0.53,31.89
SHIP10163,Chennai,Pune,8.19,0.24,Road,107,0.35,0.0,107.35
SHIP10164,Hyderabad,Delhi,9.2,0.4,Road,18,1.53,1.13,20.66
SHIP10165,Bangalore,Chennai,16.17,0.9,Air,29,1.11,0.44,30.55
SHIP10166,Bangalore,Mumbai,17.56,0.03,Road,29,1.07,0.29,30.36
SHIP10167,Mumbai,Mumbai,3.86,0.09,Road,47,1.63,0.89,49.52
SHIP10168,Mumbai,Mumbai,9.63,0.84,Road,58,2.12,0.04,60.16
SHIP10169,Chennai,Chennai,8.78,0.39,Rail,85,0.49,1.16,86.64999999999999
SHIP10170,Pune,Bangalore,20.51,0.92,Road,11,0.0,0.19,11.19
SHIP10171,Pune,Chennai,8.39,0.63,Air,57,1.65,0.61,59.26
SHIP10172,Hyderabad,Delhi,3.75,0.34,Sea,57,0.75,0.07,57.82
SHIP10173,Hyderabad,Hyderabad,7.63,0.09,Road,118,0.8,1.34,120.14
SHIP10174,Bangalore,Delhi,17.68,0.45,Road,34,0.76,0.82,35.58
SHIP10175,Bangalore,Chennai,4.46,0.89,Air,37,0.85,0.22,38.07
SHIP10176,Chennai,Delhi,8.6,0.64,Road,57,0.88,0.66,58.54
SHIP10177,Chennai,Bangalore,7.27,0.38,Road,108,1.06,0.71,109.77
SHIP10178,Chennai,Pune,5.74,0.1,Air,104,0.42,0.0,104.42
SHIP10179,Mumbai,Delhi,15.63,0.47,Road,40,0.97,0.39,41.36
SHIP10180,Hyderabad,Chennai,11.51,0.38,Road,91,0.85,0.04,91.89
SHIP10181,Chennai,Hyderabad,7.36,0.33,Road,115,1.14,0.33,116.47
SHIP10182,Delhi,Mumbai,11.09,0.39,Road,76,1.34,0.36,77.7
SHIP10183,Delhi,Mumbai,3.68,0.47,Road,62,0.64,0.66,63.3
SHIP10184,Bangalore,Chennai,3.48,0.9,Road,69,1.15,0.59,70.74000000000001
SHIP10185,Mumbai,Pune,6.62,0.21,Road,13,0.65,1.09,14.74
SHIP10186,Chennai,Mumbai,11.47,0.23,Air,28,0.54,0.55,29.09
SHIP10187,Chennai,Hyderabad,15.11,0.92,Road,35,0.87,0.51,36.379999999999995
SHIP10188,Mumbai,Hyderabad,19.25,0.38,Air,88,1.4,0.63,90.03
SHIP10189,Pune,Hyderabad,9.07,0.88,Sea,25,1.67,0.83,27.5
SHIP10190,Delhi,Delhi,9.58,0.85,Rail,85,0.49,0.42,85.91
SHIP10191,Pune,Bangalore,1.65,0.96,Sea,95,0.78,0.48,96.26
SHIP10192,Chennai,Pune,18.75,0.78,Road,38,1.87,0.72,40.589999999999996
SHIP10193,Bangalore,Hyderabad,11.74,0.41,Road,30,1.88,0.37,32.25
SHIP10194,Hyderabad,Pune,8.58,0.12,Road,40,1.08,0.45,41.53
SHIP10195,Chennai,Delhi,16.8,0.82,Road,39,0.94,0.58,40.519999999999996
SHIP10196,Mumbai,Chennai,7.21,0.19,Road,41,1.16,0.47,42.629999999999995
SHIP10197,Chennai,Mumbai,12.49,0.42,Road,93,1.05,0.48,94.53
SHIP10198,Mumbai,Delhi,11.82,0.75,Road,19,0.0,0.44,19.44
SHIP10199,Hyderabad,Delhi,15.16,0.14,Air,10,2.0,0.39,12.39
SHIP10200,Hyderabad,Mumbai,8.38,0.97,Road,93,1.91,0.62,95.53
SHIP10201,Chennai,Bangalore,19.51,0.05,Road,78,0.39,0.87,79.26
SHIP10202,Bangalore,Mumbai,13.26,0.06,Road,74,0.38,0.77,75.14999999999999
SHIP10203,Delhi,Chennai,7.18,0.83,Air,117,1.06,0.54,118.60000000000001
SHIP10204,Chennai,Hyderabad,5.91,0.59,Air,98,1.79,0.86,100.65
SHIP10205,Chennai,Bangalore,10.85,0.35,Road,111,0.62,0.61,112.23
SHIP10206,Pune,Mumbai,9.88,0.32,Air,80,0.88,0.39,81.27
SHIP10207,Chennai,Pune,9.52,0.84,Road,113,1.75,0.61,115.36
SHIP10208,Delhi,Pune,13.6,0.96,Rail,30,0.62,0.13,30.75
SHIP10209,Delhi,Chennai,15.24,0.98,Air,10,0.7,0.22,10.92
SHIP10210,Pune,Delhi,16.87,0.4,Road,106,0.8,0.07,106.86999999999999
SHIP10211,Delhi,Mumbai,13.85,0.63,Road,64,0.64,0.31,64.95
SHIP10212,Hyderabad,Mumbai,12.63,0.23,Road,94,1.08,0.76,95.84
SHIP10213,Chennai,Chennai,4.43,0.93,Air,114,0.82,0.46,115.27999999999999
SHIP10214,Chennai,Delhi,0.5,0.28,Air,78,0.95,0.61,79.56
SHIP10215,Mumbai,Bangalore,8.9,0.1,Air,43,1.02,0.55,44.57
SHIP10216,Delhi,Bangalore,15.46,0.39,Sea,102,1.99,0.46,104.44999999999999
SHIP10217,Chennai,Chennai,3.39,0.66,Road,77,0.93,0.93,78.86000000000001
SHIP10218,Pune,Chennai,8.77,0.38,Road,118,0.66,0.37,119.03
SHIP10219,Bangalore,Chennai,12.78,0.52,Rail,19,1.27,0.77,21.04
SHIP10220,Mumbai,Pune,9.0,0.82,Road,12,0.6,0.51,13.11
SHIP10221,Bangalore,Delhi,4.9,0.23,Road,60,1.41,0.25,61.66
SHIP10222,Mumbai,Delhi,6.58,0.64,Road,23,2.11,0.36,25.47
SHIP10223,Hyderabad,Hyderabad,8.23,0.83,Road,105,0.99,0.59,106.58
SHIP10224,Delhi,Hyderabad,7.05,0.19,Road,112,1.12,0.51,113.63000000000001
SHIP10225,Bangalore,Pune,13.84,0.21,Sea,106,0.08,0.14,106.22
SHIP10226,Delhi,Pune,9.32,0.94,Road,29,1.26,0.78,31.040000000000003
SHIP10227,Chennai,Hyderabad,15.15,0.61,Air,43,2.01,0.99,46.0
SHIP10228,Mumbai,Delhi,5.82,0.72,Road,80,1.75,0.86,82.61
SHIP10229,Pune,Chennai,2.87,0.91,Road,105,0.76,0.39,106.15
SHIP10230,Bangalore,Bangalore,12.81,0.68,Road,53,0.65,0.1,53.75
SHIP10231,Hyderabad,Hyderabad,3.17,0.74,Road,89,1.05,0.65,90.7
SHIP10232,Pune,Mumbai,0.5,0.83,Road,91,0.78,0.7,92.48
SHIP10233,Pune,Bangalore,9.84,0.73,Road,98,0.8,0.28,99.08
SHIP10234,Mumbai,Mumbai,9.26,0.5,Air,26,1.15,0.43,27.58
SHIP10235,Pune,Hyderabad,5.4,0.06,Air,37,0.9,0.25,38.15
SHIP10236,Pune,Delhi,0.5,0.61,Air,36,1.19,0.58,37.769999999999996
SHIP10237,Delhi,Hyderabad,7.08,0.7,Road,82,1.28,0.64,83.92
SHIP10238,Mumbai,Hyderabad,1.46,0.86,Road,89,1.29,0.52,90.81
SHIP10239,Mumbai,Mumbai,2.0,0.35,Air,23,1.16,0.76,24.92
SHIP10240,Bangalore,Mumbai,10.73,0.12,Air,94,0.89,0.5,95.39
SHIP10241,Pune,Hyderabad,11.58,0.14,Air,54,1.2,0.0,55.2
SHIP10242,Chennai,Pune,9.72,0.24,Road,38,1.0,0.61,39.61
SHIP10243,Pune,Pune,6.68,0.28,Road,27,0.85,0.43,28.28
SHIP10244,Bangalore,Chennai,15.65,0.26,Road,112,0.94,0.89,113.83
SHIP10245,Delhi,Delhi,11.75,0.21,Air,32,1.57,0.77,34.34
SHIP10246,Pune,Bangalore,14.55,0.43,Rail,57,0.96,0.47,58.43
SHIP10247,Mumbai,Hyderabad,10.73,0.04,Road,31,0.93,0.52,32.45
SHIP10248,Delhi,Mumbai,10.35,0.19,Road,22,1.26,0.07,23.330000000000002
SHIP10249,Pune,Chennai,1.25,0.75,Road,24,1.01,0.19,25.200000000000003
SHIP10250,Hyderabad,Hyderabad,6.8,0.15,Road,80,0.89,0.96,81.85
SHIP10251,Delhi,Delhi,16.16,0.23,Road,106,0.86,0.19,107.05
SHIP10252,Bangalore,Pune,7.26,0.63,Road,20,1.95,0.37,22.32
SHIP10253,Delhi,Chennai,19.76,0.9,Road,110,0.99,0.75,111.74
SHIP10254,Hyderabad,Pune,13.08,0.69,Road,101,1.28,0.0,102.28
SHIP10255,Mumbai,Mumbai,11.45,0.46,Air,58,1.22,0.52,59.74
SHIP10256,Mumbai,Delhi,5.74,0.56,Road,57,0.68,0.77,58.45
SHIP10257,Bangalore,Bangalore,8.77,0.78,Rail,109,0.94,0.5,110.44
SHIP10258,Pune,Bangalore,11.71,0.73,Road,64,0.84,0.99,65.83
SHIP10259,Delhi,Delhi,5.34,0.87,Road,38,0.98,0.49,39.47
SHIP10260,Mumbai,Pune,0.5,0.63,Road,69,1.29,0.42,70.71000000000001
SHIP10261,Bangalore,Bangalore,5.43,0.35,Road,73,0.9,0.38,74.28
SHIP10262,Hyderabad,Delhi,17.36,0.63,Road,106,2.06,0.67,108.73
SHIP10263,Mumbai,Mumbai,9.77,0.37,Road,110,1.16,0.38,111.53999999999999
SHIP10264,Hyderabad,Hyderabad,16.92,0.72,Rail,63,1.4,0.25,64.65
SHIP10265,Pune,Pune,3.19,0.44,Air,81,2.04,1.02,84.06
SHIP10266,Hyderabad,Delhi,5.94,0.81,Air,66,2.12,0.77,68.89
SHIP10267,Bangalore,Hyderabad,3.77,0.06,Road,34,1.07,0.63,35.7
SHIP10268,Delhi,Mumbai,9.25,0.61,Air,27,0.87,0.74,28.61
SHIP10269,Pune,Delhi,3.88,0.67,Air,58,0.86,0.43,59.29
SHIP10270,Bangalore,Hyderabad,22.57,0.74,Sea,112,0.61,1.01,113.62
SHIP10271,Delhi,Mumbai,9.58,1.0,Road,42,1.05,0.18,43.23
SHIP10272,Bangalore,Chennai,3.69,0.51,Sea,17,1.24,0.9,19.139999999999997
SHIP10273,Hyderabad,Bangalore,9.23,0.16,Air,56,2.02,0.84,58.86000000000001
SHIP10274,Mumbai,Mumbai,6.73,0.92,Road,50,0.56,0.61,51.17
SHIP10275,Chennai,Mumbai,9.2,0.97,Air,36,0.7,0.87,37.57
SHIP10276,Pune,Hyderabad,4.1,0.72,Road,84,1.17,0.48,85.65
SHIP10277,Hyderabad,Pune,11.11,0.43,Air,111,1.02,0.72,112.74
SHIP10278,Mumbai,Mumbai,5.01,0.79,Rail,119,0.73,0.47,120.2
SHIP10279,Mumbai,Bangalore,10.91,0.96,Road,84,1.64,0.71,86.35
SHIP10280,Chennai,Mumbai,5.62,0.68,Road,90,0.79,0.48,91.27000000000001
SHIP10281,Chennai,Hyderabad,12.35,0.6,Road,93,1.02,0.48,94.5
SHIP10282,Delhi,Hyderabad,6.22,0.73,Road,82,1.08,0.0,83.08
SHIP10283,Delhi,Chennai,7.34,0.68,Road,10,1.15,1.48,12.63
SHIP10284,Bangalore,Delhi,7.3,0.1,Road,89,1.81,0.24,91.05
SHIP10285,Chennai,Chennai,7.04,0.94,Road,72,0.04,0.45,72.49000000000001
SHIP10286,Mumbai,Pune,9.49,0.87,Air,53,0.92,0.36,54.28
SHIP10287,Pune,Bangalore,12.23,0.31,Air,117,0.76,0.68,118.44000000000001
SHIP10288,Chennai,Delhi,2.3,0.1,Road,100,0.9,0.0,100.9
SHIP10289,Chennai,Hyderabad,10.62,0.01,Road,95,0.0,0.67,95.67
SHIP10290,Mumbai,Pune,18.71,0.77,Sea,18,0.85,0.66,19.51
SHIP10291,Pune,Delhi,20.34,0.54,Rail,53,1.45,0.71,55.160000000000004
SHIP10292,Bangalore,Delhi,7.6,0.06,Air,40,1.15,1.25,42.4
SHIP10293,Chennai,Delhi,7.95,0.55,Road,56,1.43,0.69,58.12
SHIP10294,Bangalore,Chennai,17.03,0.87,Road,49,0.42,0.49,49.910000000000004
SHIP10295,Pune,Chennai,14.53,0.98,Road,67,1.13,0.0,68.13
SHIP10296,Mumbai,Mumbai,6.2,0.86,Rail,89,1.62,0.04,90.66000000000001
SHIP10297,Delhi,Bangalore,22.31,0.8,Road,53,0.32,0.31,53.63
SHIP10298,Delhi,Mumbai,12.23,0.04,Road,104,0.82,0.0,104.82
SHIP10299,Hyderabad,Bangalore,6.41,0.75,Road,45,1.07,0.29,46.36
SHIP10300,Chennai,Hyderabad,7.15,0.56,Road,81,1.07,0.47,82.53999999999999
SHIP10301,Delhi,Bangalore,6.18,0.08,Air,65,1.07,0.85,66.91999999999999
SHIP10302,Hyderabad,Bangalore,7.95,0.28,Air,112,0.0,0.26,112.26
SHIP10303,Hyderabad,Mumbai,7.22,0.81,Road,90,0.76,0.59,91.35000000000001
SHIP10304,Delhi,Pune,2.24,0.19,Road,75,0.8,0.36,76.16
SHIP10305,Pune,Hyderabad,5.72,0.03,Road,64,1.08,0.31,65.39
SHIP10306,Bangalore,Hyderabad,6.29,0.15,Rail,53,0.88,0.63,54.510000000000005
SHIP10307,Chennai,Mumbai,5.26,0.91,Road,24,1.0,0.18,25.18
SHIP10308,Chennai,Chennai,6.66,0.41,Air,107,0.0,0.18,107.18
SHIP10309,Mumbai,Pune,11.7,0.8,Air,68,1.69,0.06,69.75
SHIP10310,Pune,Bangalore,4.65,0.21,Road,106,0.91,0.24,107.14999999999999
SHIP10311,Hyderabad,Bangalore,18.34,0.59,Rail,47,0.05,0.28,47.33
SHIP10312,Chennai,Delhi,12.94,0.78,Road,50,0.78,0.3,51.08
SHIP10313,Delhi,Delhi,20.18,0.21,Air,70,1.38,1.31,72.69
SHIP10314,Pune,Bangalore,19.84,0.35,Rail,66,1.26,0.57,67.83
SHIP10315,Chennai,Mumbai,10.23,0.49,Road,18,0.44,0.4,18.84
SHIP10316,Delhi,Chennai,4.02,0.96,Rail,14,1.98,0.52,16.5
SHIP10317,Hyderabad,Pune,5.84,0.67,Road,39,0.94,0.38,40.32
SHIP10318,Chennai,Delhi,17.15,0.1,Road,46,0.16,0.23,46.38999999999999
SHIP10319,Hyderabad,Pune,2.96,0.02,Road,91,1.34,0.33,92.67
SHIP10320,Delhi,Bangalore,13.95,0.1,Road,117,1.26,0.67,118.93
SHIP10321,Chennai,Bangalore,7.19,0.38,Sea,103,1.27,0.1,104.36999999999999
SHIP10322,Mumbai,Bangalore,16.11,0.91,Air,104,1.13,0.79,105.92
SHIP10323,Chennai,Chennai,7.32,0.23,Rail,89,0.05,0.24,89.28999999999999
SHIP10324,Delhi,Pune,15.01,0.31,Road,78,0.6,1.09,79.69
SHIP10325,Pune,Delhi,5.19,0.74,Road,65,0.54,0.55,66.09
SHIP10326,Bangalore,Chennai,8.1,0.52,Air,83,1.69,0.66,85.35
SHIP10327,Mumbai,Pune,13.77,0.31,Rail,28,1.39,0.38,29.77
SHIP10328,Delhi,Delhi,16.47,0.69,Road,12,0.83,0.7,13.53
SHIP10329,Pune,Hyderabad,7.8,0.96,Sea,67,1.07,0.38,68.44999999999999
SHIP10330,Delhi,Bangalore,9.83,0.52,Rail,87,1.36,0.45,88.81
SHIP10331,Delhi,Bangalore,16.8,0.33,Road,69,0.69,0.24,69.92999999999999
SHIP10332,Bangalore,Pune,0.5,0.96,Air,63,0.16,0.55,63.709999999999994
SHIP10333,Delhi,Chennai,10.14,0.35,Road,61,1.0,1.01,63.01
SHIP10334,Hyderabad,Chennai,6.68,0.02,Road,33,1.34,0.3,34.64
SHIP10335,Delhi,Mumbai,3.47,0.7,Air,67,1.26,0.82,69.08
SHIP10336,Chennai,Mumbai,0.5,0.5,Air,113,1.42,0.38,114.8
SHIP10337,Hyderabad,Bangalore,10.03,0.94,Air,117,0.23,0.53,117.76
SHIP10338,Pune,Hyderabad,14.22,0.47,Road,73,1.75,0.17,74.92
SHIP10339,Mumbai,Chennai,13.67,0.18,Road,82,0.74,1.06,83.8
SHIP10340,Mumbai,Pune,5.33,0.11,Air,80,0.63,0.39,81.02
SHIP10341,Chennai,Bangalore,5.39,0.9,Road,84,0.32,0.79,85.11
SHIP10342,Delhi,Pune,9.25,0.29,Road,95,0.48,0.34,95.82000000000001
SHIP10343,Hyderabad,Pune,3.23,0.8,Road,105,1.54,0.32,106.86
SHIP10344,Chennai,Chennai,19.94,0.94,Air,83,0.76,0.45,84.21000000000001
SHIP10345,Chennai,Bangalore,11.9,0.22,Road,82,1.39,1.12,84.51
SHIP10346,Chennai,Pune,6.81,0.47,Air,101,1.36,0.28,102.64
SHIP10347,Pune,Hyderabad,11.22,0.21,Road,79,0.59,0.0,79.59
SHIP10348,Delhi,Bangalore,15.9,0.81,Road,85,1.45,0.29,86.74000000000001
SHIP10349,Chennai,Pune,16.27,0.84,Road,63,1.09,0.45,64.54
SHIP10350,Mumbai,Hyderabad,8.85,0.19,Road,14,0.98,0.58,15.56
SHIP10351,Mumbai,Chennai,9.32,0.14,Rail,50,0.88,1.07,51.95
SHIP10352,Mumbai,Bangalore,10.27,0.98,Rail,39,1.5,0.35,40.85
SHIP10353,Pune,Pune,19.07,0.46,Rail,66,2.31,0.26,68.57000000000001
SHIP10354,Bangalore,Chennai,11.29,0.85,Road,97,1.45,0.98,99.43
SHIP10355,Mumbai,Pune,12.19,0.04,Sea,95,0.6,0.31,95.91
SHIP10356,Pune,Chennai,6.84,0.91,Road,11,0.87,0.29,12.159999999999998
SHIP10357,Hyderabad,Bangalore,2.19,0.14,Road,29,0.56,0.56,30.119999999999997
SHIP10358,Bangalore,Pune,13.55,0.34,Road,68,1.56,0.98,70.54
SHIP10359,Mumbai,Bangalore,11.07,0.88,Road,33,1.05,0.66,34.709999999999994
SHIP10360,Delhi,Pune,4.39,0.77,Air,81,1.4,0.43,82.83000000000001
SHIP10361,Hyderabad,Hyderabad,12.63,0.18,Air,83,0.35,0.49,83.83999999999999
SHIP10362,Pune,Bangalore,12.84,0.68,Road,74,0.77,0.92,75.69
SHIP10363,Pune,Bangalore,5.11,0.96,Sea,77,0.82,0.46,78.27999999999999
SHIP10364,Mumbai,Delhi,11.56,0.48,Road,48,0.89,0.74,49.63
SHIP10365,Delhi,Mumbai,4.88,0.63,Sea,48,0.43,0.7,49.13
SHIP10366,Hyderabad,Pune,11.32,0.53,Road,91,0.14,0.93,92.07000000000001
SHIP10367,Bangalore,Chennai,9.01,0.3,Air,99,1.2,0.33,100.53
SHIP10368,Bangalore,Chennai,4.31,0.02,Road,73,1.58,0.47,75.05
SHIP10369,Bangalore,Delhi,11.0,0.72,Road,45,0.89,0.46,46.35
SHIP10370,Delhi,Chennai,3.77,0.3,Rail,80,1.42,0.0,81.42
SHIP10371,Mumbai,Chennai,12.61,0.8,Road,29,0.57,0.91,30.48
SHIP10372,Chennai,Delhi,3.46,0.52,Air,67,1.25,0.36,68.61
SHIP10373,Chennai,Delhi,13.32,0.74,Rail,41,0.0,0.3,41.3
SHIP10374,Pune,Bangalore,15.49,0.78,Road,69,0.3,0.86,70.16
SHIP10375,Delhi,Bangalore,5.31,0.11,Road,96,1.11,0.45,97.56
SHIP10376,Delhi,Hyderabad,10.67,0.83,Air,55,0.65,0.73,56.379999999999995
SHIP10377,Pune,Pune,18.36,0.03,Air,90,0.95,0.46,91.41
SHIP10378,Bangalore,Pune,0.5,0.68,Rail,81,0.6,0.85,82.44999999999999
SHIP10379,Bangalore,Delhi,17.99,0.55,Road,13,0.53,0.0,13.53
SHIP10380,Chennai,Mumbai,8.08,0.78,Road,12,0.87,0.41,13.28
SHIP10381,Pune,Delhi,13.37,0.76,Air,90,0.51,0.34,90.85000000000001
SHIP10382,Bangalore,Hyderabad,5.3,0.75,Road,79,1.6,1.08,81.67999999999999
SHIP10383,Pune,Delhi,17.0,0.77,Road,10,0.75,1.3,12.05
SHIP10384,Hyderabad,Delhi,11.38,0.84,Road,80,1.16,0.44,81.6
SHIP10385,Pune,Pune,13.52,0.09,Air,35,0.74,0.2,35.940000000000005
SHIP10386,Chennai,Mumbai,10.01,0.41,Road,97,0.53,0.64,98.17
SHIP10387,Delhi,Hyderabad,12.5,0.36,Rail,29,0.93,0.37,30.3
SHIP10388,Hyderabad,Pune,3.51,0.21,Air,14,1.33,1.14,16.47
SHIP10389,Chennai,Hyderabad,5.94,0.24,Air,44,0.61,0.78,45.39
SHIP10390,Pune,Bangalore,11.64,0.3,Rail,36,1.05,0.58,37.629999999999995
SHIP10391,Hyderabad,Mumbai,12.23,0.24,Road,62,1.6,0.0,63.6
SHIP10392,Mumbai,Pune,3.07,0.43,Road,70,0.0,0.6,70.6
SHIP10393,Pune,Bangalore,5.24,0.87,Air,18,0.3,0.31,18.61
SHIP10394,Delhi,Pune,3.62,0.4,Road,80,0.84,0.89,81.73
SHIP10395,Delhi,Delhi,12.99,0.27,Rail,43,1.55,0.3,44.849999999999994
SHIP10396,Chennai,Hyderabad,7.15,0.95,Road,68,0.94,0.27,69.21
SHIP10397,Bangalore,Mumbai,11.31,0.74,Rail,36,1.61,0.94,38.55
SHIP10398,Pune,Delhi,7.8,0.82,Road,27,1.06,0.31,28.369999999999997
SHIP10399,Bangalore,Delhi,17.23,0.32,Road,81,0.41,0.92,82.33
SHIP10400,Hyderabad,Bangalore,15.23,0.65,Air,64,1.65,0.73,66.38000000000001
SHIP10401,Bangalore,Bangalore,11.49,0.43,Road,96,0.9,0.74,97.64
SHIP10402,Pune,Bangalore,7.43,0.73,Road,75,1.46,0.31,76.77
SHIP10403,Delhi,Hyderabad,16.75,0.29,Road,89,0.0,0.24,89.24
SHIP10404,Bangalore,Hyderabad,12.19,0.22,Road,62,0.43,0.45,62.88
SHIP10405,Bangalore,Pune,0.5,0.16,Road,22,1.33,0.25,23.58
SHIP10406,Hyderabad,Delhi,8.92,1.0,Road,30,1.75,0.33,32.08
SHIP10407,Mumbai,Mumbai,9.48,0.12,Sea,17,1.2,0.73,18.93
SHIP10408,Hyderabad,Mumbai,15.3,0.09,Rail,100,0.42,0.24,100.66
SHIP10409,Pune,Bangalore,11.31,0.1,Air,66,1.01,0.89,67.9
SHIP10410,Pune,Delhi,11.96,0.66,Air,104,1.29,0.33,105.62
SHIP10411,Delhi,Pune,11.28,0.2,Road,17,1.0,0.47,18.47
SHIP10412,Delhi,Bangalore,22.51,0.46,Road,70,0.0,0.54,70.54
SHIP10413,Hyderabad,Hyderabad,12.4,0.58,Air,77,1.11,0.81,78.92
SHIP10414,Delhi,Pune,1.5,0.9,Road,10,1.02,0.75,11.77
SHIP10415,Hyderabad,Mumbai,6.81,0.67,Rail,85,2.27,0.54,87.81
SHIP10416,Chennai,Chennai,6.39,0.09,Sea,23,0.21,0.24,23.45
SHIP10417,Chennai,Delhi,2.99,0.28,Air,30,0.14,0.49,30.63
SHIP10418,Pune,Pune,8.94,0.67,Sea,56,0.95,0.23,57.18
SHIP10419,Mumbai,Chennai,11.11,0.85,Rail,20,0.56,0.71,21.27
SHIP10420,Chennai,Hyderabad,8.16,0.8,Road,90,1.16,0.97,92.13
SHIP10421,Pune,Delhi,10.71,0.19,Road,72,1.27,0.24,73.50999999999999
SHIP10422,Delhi,Hyderabad,12.63,0.76,Air,27,0.51,0.94,28.450000000000003
SHIP10423,Chennai,Pune,14.76,0.28,Road,61,0.43,0.21,61.64
SHIP10424,Delhi,Hyderabad,8.43,0.97,Rail,69,1.4,0.35,70.75
SHIP10425,Delhi,Bangalore,6.45,0.69,Road,96,0.22,0.26,96.48
SHIP10426,Pune,Hyderabad,14.66,0.91,Road,96,1.02,1.27,98.28999999999999
SHIP10427,Hyderabad,Bangalore,9.5,0.49,Air,10,0.41,0.42,10.83
SHIP10428,Delhi,Bangalore,12.22,0.24,Rail,107,1.34,0.65,108.99000000000001
SHIP10429,Pune,Delhi,11.95,0.74,Rail,73,1.09,0.84,74.93
SHIP10430,Pune,Chennai,12.82,0.31,Road,42,1.17,0.48,43.65
SHIP10431,Hyderabad,Chennai,0.5,0.02,Air,46,0.12,0.16,46.279999999999994
SHIP10432,Chennai,Mumbai,2.84,0.18,Road,18,1.26,0.47,19.73
SHIP10433,Chennai,Delhi,11.79,0.93,Air,64,0.73,0.07,64.8
SHIP10434,Delhi,Delhi,8.46,0.28,Air,117,0.5,0.55,118.05
SHIP10435,Chennai,Chennai,3.07,0.65,Road,86,0.88,0.28,87.16
SHIP10436,Hyderabad,Delhi,21.97,0.05,Road,68,1.22,0.53,69.75
SHIP10437,Chennai,Delhi,0.5,0.69,Road,61,0.36,0.78,62.14
SHIP10438,Bangalore,Chennai,10.89,0.33,Air,75,0.64,0.34,75.98
SHIP10439,Chennai,Hyderabad,0.5,0.04,Air,94,1.11,0.18,95.29
SHIP10440,Chennai,Mumbai,19.32,0.19,Road,18,1.69,0.16,19.85
SHIP10441,Delhi,Delhi,4.85,0.5,Road,100,1.24,0.48,101.72
SHIP10442,Delhi,Mumbai,12.48,0.41,Air,10,1.85,0.75,12.6
SHIP10443,Chennai,Hyderabad,6.5,0.6,Road,94,1.48,0.93,96.41000000000001
SHIP10444,Delhi,Hyderabad,6.07,0.15,Air,29,1.09,0.37,30.46
SHIP10445,Chennai,Mumbai,3.54,0.84,Air,107,0.95,0.19,108.14
SHIP10446,Pune,Delhi,0.5,0.11,Road,54,0.86,0.47,55.33
SHIP10447,Hyderabad,Hyderabad,7.91,0.85,Air,104,1.18,0.24,105.42
SHIP10448,Chennai,Hyderabad,9.97,0.63,Road,51,1.46,0.66,53.12
SHIP10449,Delhi,Delhi,12.01,0.54,Road,102,0.65,0.11,102.76
SHIP10450,Delhi,Mumbai,11.67,0.69,Road,16,0.6,0.48,17.080000000000002
SHIP10451,Chennai,Hyderabad,5.6,0.63,Road,10,2.42,0.33,12.75
SHIP10452,Delhi,Mumbai,15.01,0.94,Rail,61,0.22,0.5,61.72
SHIP10453,Bangalore,Mumbai,20.27,0.78,Road,35,1.24,0.41,36.65
SHIP10454,Hyderabad,Bangalore,10.93,0.39,Road,85,1.33,0.26,86.59
SHIP10455,Mumbai,Mumbai,12.5,0.58,Air,67,0.29,0.83,68.12
SHIP10456,Pune,Mumbai,13.19,0.16,Rail,62,1.16,0.08,63.239999999999995
SHIP10457,Pune,Delhi,10.02,0.76,Road,47,1.34,0.52,48.86000000000001
SHIP10458,Delhi,Chennai,1.59,0.97,Road,35,1.27,0.41,36.68
SHIP10459,Mumbai,Pune,5.47,0.13,Road,15,0.94,0.63,16.57
SHIP10460,Delhi,Pune,6.55,0.37,Road,119,0.95,0.37,120.32000000000001
SHIP10461,Pune,Bangalore,14.87,0.52,Rail,117,1.81,0.68,119.49000000000001
SHIP10462,Pune,Mumbai,14.64,0.28,Road,57,1.14,0.96,59.1
SHIP10463,Delhi,Pune,7.9,0.19,Road,84,1.41,1.14,86.55
SHIP10464,Chennai,Chennai,10.39,0.85,Road,54,1.43,0.84,56.27
SHIP10465,Pune,Chennai,8.36,0.8,Road,116,1.83,0.43,118.26
SHIP10466,Bangalore,Delhi,5.92,0.72,Road,24,0.63,0.86,25.49
SHIP10467,Delhi,Mumbai,2.85,0.77,Road,71,1.03,0.24,72.27
SHIP10468,Mumbai,Bangalore,2.18,0.44,Road,98,1.12,0.52,99.64
SHIP10469,Chennai,Chennai,8.66,0.94,Air,45,1.05,0.39,46.44
SHIP10470,Pune,Delhi,4.61,0.42,Road,109,0.57,0.38,109.94999999999999
SHIP10471,Hyderabad,Pune,7.25,0.22,Rail,63,1.37,0.36,64.73
SHIP10472,Pune,Pune,17.87,0.73,Air,119,1.31,0.38,120.69
SHIP10473,Delhi,Bangalore,14.95,0.42,Road,33,1.26,0.59,34.85
SHIP10474,Delhi,Mumbai,6.57,0.68,Air,101,0.97,0.75,102.72
SHIP10475,Hyderabad,Delhi,8.81,0.61,Road,65,0.89,0.91,66.8
SHIP10476,Mumbai,Delhi,10.34,0.07,Road,63,1.32,0.0,64.32
SHIP10477,Hyderabad,Chennai,14.0,0.39,Air,62,1.8,0.16,63.959999999999994
SHIP10478,Mumbai,Mumbai,7.44,0.7,Air,26,1.82,0.82,28.64
SHIP10479,Delhi,Mumbai,14.18,0.31,Road,62,0.88,0.57,63.45
SHIP10480,Delhi,Hyderabad,5.99,0.36,Rail,26,0.56,0.45,27.009999999999998
SHIP10481,Bangalore,Chennai,12.96,0.04,Road,68,1.26,0.63,69.89
SHIP10482,Hyderabad,Hyderabad,6.33,0.19,Sea,31,1.26,0.68,32.94
SHIP10483,Pune,Bangalore,9.66,0.75,Sea,35,0.14,0.05,35.19
SHIP10484,Pune,Mumbai,9.17,0.13,Air,35,0.96,1.04,37.0
SHIP10485,Delhi,Mumbai,14.21,0.54,Road,113,0.84,0.0,113.84
SHIP10486,Delhi,Hyderabad,13.45,0.19,Air,50,0.99,0.37,51.36
SHIP10487,Delhi,Bangalore,18.05,0.42,Air,52,1.46,1.0,54.46
SHIP10488,Mumbai,Pune,5.79,0.23,Rail,85,0.62,0.39,86.01
SHIP10489,Mumbai,Chennai,0.5,0.3,Road,86,1.48,0.59,88.07000000000001
SHIP10490,Hyderabad,Pune,10.45,0.41,Road,112,1.87,0.58,114.45
SHIP10491,Chennai,Delhi,4.0,0.34,Air,88,0.84,0.83,89.67
SHIP10492,Pune,Hyderabad,5.4,0.19,Road,44,0.83,0.63,45.46
SHIP10493,Pune,Pune,8.53,0.62,Road,73,0.66,0.08,73.74
SHIP10494,Hyderabad,Pune,8.41,0.54,Road,58,1.21,0.24,59.45
SHIP10495,Chennai,Bangalore,0.5,0.66,Road,92,0.8,0.52,93.32
SHIP10496,Mumbai,Pune,8.2,0.17,Road,55,0.22,0.79,56.01
SHIP10497,Pune,Hyderabad,13.68,0.35,Sea,10,1.48,0.0,11.48
SHIP10498,Hyderabad,Pune,17.08,0.22,Road,92,0.36,0.46,92.82
SHIP10499,Pune,Mumbai,5.15,0.37,Road,23,1.42,0.56,24.98
SHIP10500,Pune,Mumbai,6.03,0.44,Air,92,0.56,0.64,93.2
SHIP10501,Mumbai,Mumbai,12.78,0.4,Road,46,0.83,0.0,46.83
SHIP10502,Pune,Bangalore,13.0,0.38,Sea,97,1.48,0.26,98.74000000000001
SHIP10503,Delhi,Bangalore,10.9,0.66,Air,95,1.31,0.38,96.69
SHIP10504,Mumbai,Delhi,7.26,0.72,Air,22,0.67,0.41,23.080000000000002
SHIP10505,Delhi,Bangalore,17.11,0.73,Air,103,1.07,0.69,104.75999999999999
SHIP10506,Mumbai,Mumbai,18.24,0.84,Air,83,1.09,1.07,85.16
SHIP10507,Bangalore,Chennai,13.06,0.35,Road,49,1.44,0.42,50.86
SHIP10508,Delhi,Hyderabad,9.73,0.1,Air,94,0.0,0.75,94.75
SHIP10509,Hyderabad,Chennai,13.73,0.49,Air,112,0.0,0.6,112.6
SHIP10510,Delhi,Chennai,14.52,0.42,Road,43,0.41,0.21,43.62
SHIP10511,Hyderabad,Bangalore,3.31,0.47,Rail,100,0.77,0.73,101.5
SHIP10512,Bangalore,Bangalore,12.86,0.87,Rail,104,0.95,0.73,105.68
SHIP10513,Chennai,Pune,5.16,0.21,Road,33,0.0,0.36,33.36
SHIP10514,Mumbai,Hyderabad,5.11,0.84,Road,69,1.05,0.39,70.44
SHIP10515,Bangalore,Mumbai,16.62,0.09,Air,57,1.12,0.43,58.55
SHIP10516,Chennai,Pune,8.39,0.06,Road,19,1.08,0.42,20.5
SHIP10517,Hyderabad,Pune,3.47,0.58,Rail,105,0.88,0.98,106.86
SHIP10518,Hyderabad,Pune,11.88,0.87,Road,19,0.84,0.67,20.51
SHIP10519,Delhi,Pune,18.66,0.02,Road,24,1.16,0.26,25.42
SHIP10520,Delhi,Delhi,11.45,0.45,Road,115,0.84,0.88,116.72
SHIP10521,Delhi,Pune,12.37,0.19,Air,21,1.06,0.58,22.639999999999997
SHIP10522,Bangalore,Chennai,9.39,0.04,Road,107,1.14,0.26,108.4
SHIP10523,Pune,Chennai,11.94,0.72,Air,43,0.92,0.84,44.760000000000005
SHIP10524,Pune,Mumbai,1.91,0.26,Air,31,2.22,1.06,34.28
SHIP10525,Hyderabad,Hyderabad,9.92,0.65,Road,74,0.56,0.6,75.16
SHIP10526,Bangalore,Delhi,9.68,0.56,Air,60,1.12,0.45,61.57
SHIP10527,Mumbai,Pune,21.52,0.88,Air,94,0.98,0.64,95.62
SHIP10528,Hyderabad,Bangalore,11.67,0.98,Road,28,1.37,0.42,29.790000000000003
SHIP10529,Chennai,Bangalore,9.78,0.62,Road,59,0.51,0.53,60.04
SHIP10530,Pune,Delhi,0.5,0.84,Rail,68,1.35,0.49,69.83999999999999
SHIP10531,Pune,Chennai,0.5,0.72,Road,89,0.84,0.36,90.2
SHIP10532,Bangalore,Pune,5.53,0.34,Air,78,2.14,0.58,80.72
SHIP10533,Pune,Mumbai,15.89,0.65,Road,81,0.0,0.36,81.36
SHIP10534,Pune,Chennai,9.84,0.13,Road,62,1.26,0.45,63.71
SHIP10535,Hyderabad,Mumbai,4.9,0.69,Road,18,0.9,0.42,19.32
SHIP10536,Hyderabad,Bangalore,16.07,0.26,Sea,35,1.16,0.43,36.589999999999996
SHIP10537,Mumbai,Chennai,11.0,0.33,Road,103,1.85,0.37,105.22
SHIP10538,Bangalore,Chennai,21.16,0.52,Air,23,1.27,0.44,24.71
SHIP10539,Bangalore,Pune,10.72,0.7,Road,38,1.84,0.7,40.540000000000006
SHIP10540,Pune,Chennai,10.61,0.49,Air,92,0.54,0.61,93.15
SHIP10541,Delhi,Mumbai,4.7,0.93,Rail,10,1.33,0.0,11.33
SHIP10542,Delhi,Pune,2.87,0.27,Road,117,0.58,1.09,118.67
SHIP10543,Pune,Hyderabad,3.74,0.26,Road,63,0.32,0.51,63.83
SHIP10544,Hyderabad,Pune,5.34,0.93,Air,93,1.14,0.38,94.52
SHIP10545,Hyderabad,Hyderabad,6.77,0.34,Road,30,1.01,1.2,32.21
SHIP10546,Mumbai,Pune,9.95,0.82,Road,61,0.18,0.64,61.82
SHIP10547,Pune,Delhi,17.22,0.68,Air,80,0.6,0.33,80.92999999999999
SHIP10548,Delhi,Hyderabad,0.5,0.94,Air,65,0.75,0.31,66.06
SHIP10549,Hyderabad,Chennai,2.76,0.19,Road,100,1.19,0.32,101.50999999999999
SHIP10550,Pune,Bangalore,12.73,0.88,Road,106,1.26,0.09,107.35000000000001
SHIP10551,Chennai,Delhi,3.47,0.8,Air,48,1.2,0.0,49.2
SHIP10552,Bangalore,Mumbai,5.05,0.9,Road,30,0.65,0.59,31.24
SHIP10553,Pune,Delhi,8.45,0.31,Air,71,1.63,0.82,73.44999999999999
SHIP10554,Hyderabad,Mumbai,15.85,0.01,Road,116,0.97,0.37,117.34
SHIP10555,Mumbai,Delhi,10.12,0.3,Road,101,1.38,0.15,102.53
SHIP10556,Bangalore,Bangalore,8.87,0.24,Road,24,1.46,0.34,25.8
SHIP10557,Bangalore,Mumbai,9.55,0.23,Air,112,1.15,0.48,113.63000000000001
SHIP10558,Mumbai,Delhi,11.71,0.9,Road,11,0.23,0.57,11.8
SHIP10559,Bangalore,Hyderabad,9.01,0.69,Road,62,0.5,0.53,63.03
SHIP10560,Delhi,Bangalore,3.83,0.29,Air,39,1.46,1.02,41.480000000000004
SHIP10561,Mumbai,Bangalore,14.31,0.43,Road,23,1.04,0.2,24.24
SHIP10562,Hyderabad,Pune,0.5,0.2,Rail,103,0.4,0.63,104.03
SHIP10563,Chennai,Pune,5.18,0.8,Rail,83,1.24,0.71,84.94999999999999
SHIP10564,Bangalore,Bangalore,12.04,0.82,Road,65,0.86,0.83,66.69
SHIP10565,Chennai,Pune,8.74,0.11,Road,118,0.33,0.27,118.6
SHIP10566,Pune,Mumbai,10.34,0.95,Air,11,1.79,0.86,13.649999999999999
SHIP10567,Chennai,Hyderabad,2.96,0.2,Road,30,0.72,0.73,31.45
SHIP10568,Chennai,Bangalore,10.97,0.28,Air,28,1.44,1.19,30.630000000000003
SHIP10569,Chennai,Pune,6.6,0.33,Sea,31,0.23,0.69,31.92
SHIP10570,Bangalore,Pune,19.3,0.03,Road,39,1.76,0.63,41.39
SHIP10571,Hyderabad,Pune,6.59,0.53,Road,16,0.86,0.0,16.86
SHIP10572,Hyderabad,Hyderabad,5.45,0.39,Road,100,1.72,1.07,102.78999999999999
SHIP10573,Mumbai,Mumbai,13.03,0.68,Air,110,0.72,0.14,110.86
SHIP10574,Delhi,Mumbai,5.76,0.9,Air,19,1.25,0.24,20.49
SHIP10575,Delhi,Bangalore,19.66,0.71,Road,69,0.79,0.68,70.47000000000001
SHIP10576,Chennai,Chennai,7.06,0.39,Road,84,0.31,0.3,84.61
SHIP10577,Chennai,Chennai,10.91,0.6,Road,105,1.45,0.0,106.45
SHIP10578,Bangalore,Chennai,9.27,0.99,Air,20,1.64,0.23,21.87
SHIP10579,Mumbai,Mumbai,6.04,0.51,Road,27,1.59,0.51,29.1
SHIP10580,Pune,Delhi,8.65,0.12,Air,104,1.02,0.42,105.44
SHIP10581,Hyderabad,Chennai,14.07,0.06,Road,44,1.6,0.34,45.940000000000005
SHIP10582,Bangalore,Chennai,6.31,0.62,Rail,76,1.24,0.32,77.55999999999999
SHIP10583,Bangalore,Hyderabad,8.59,0.3,Air,25,1.97,0.57,27.54
SHIP10584,Chennai,Bangalore,8.7,0.31,Air,88,1.15,1.27,90.42
SHIP10585,Bangalore,Pune,8.99,0.53,Air,92,1.17,0.25,93.42
SHIP10586,Delhi,Chennai,11.53,0.22,Air,25,1.63,0.23,26.86
SHIP10587,Pune,Pune,10.77,0.69,Road,108,1.19,0.59,109.78
SHIP10588,Pune,Mumbai,11.51,0.95,Sea,13,0.57,0.58,14.15
SHIP10589,Hyderabad,Pune,0.5,0.79,Air,108,1.35,0.38,109.72999999999999
SHIP10590,Pune,Hyderabad,7.57,0.33,Road,23,0.86,0.33,24.189999999999998
SHIP10591,Bangalore,Mumbai,15.22,0.51,Road,114,0.56,0.71,115.27
SHIP10592,Delhi,Chennai,13.89,0.58,Road,77,1.03,0.84,78.87
SHIP10593,Hyderabad,Mumbai,4.14,0.11,Road,54,0.86,0.13,54.99
SHIP10594,Delhi,Delhi,16.87,0.18,Air,47,0.98,0.28,48.26
SHIP10595,Chennai,Bangalore,5.99,0.98,Rail,104,0.86,0.85,105.71
SHIP10596,Bangalore,Delhi,14.08,0.91,Air,78,1.02,0.59,79.61
SHIP10597,Chennai,Pune,8.16,0.36,Road,35,0.17,0.64,35.81
SHIP10598,Hyderabad,Chennai,7.28,0.99,Road,16,1.53,0.44,17.970000000000002
SHIP10599,Pune,Bangalore,3.5,0.75,Air,119,1.72,0.0,120.72
SHIP10600,Chennai,Hyderabad,9.04,0.61,Air,58,0.57,0.11,58.68
SHIP10601,Mumbai,Pune,4.04,0.13,Air,63,0.3,0.67,63.97
SHIP10602,Delhi,Delhi,0.5,0.65,Road,45,0.92,0.55,46.47
SHIP10603,Delhi,Pune,7.98,0.06,Rail,112,1.03,0.92,113.95
SHIP10604,Mumbai,Mumbai,4.17,0.09,Rail,117,1.04,0.88,118.92
SHIP10605,Mumbai,Bangalore,1.94,0.45,Air,42,0.86,0.47,43.33
SHIP10606,Chennai,Pune,6.77,0.04,Air,117,1.18,0.35,118.53
SHIP10607,Bangalore,Chennai,8.84,0.62,Air,74,1.63,0.28,75.91
SHIP10608,Pune,Hyderabad,7.0,0.49,Road,90,1.12,0.45,91.57000000000001
SHIP10609,Hyderabad,Hyderabad,8.39,0.1,Sea,32,1.07,0.38,33.45
SHIP10610,Bangalore,Delhi,16.24,0.32,Air,65,1.04,0.27,66.31
SHIP10611,Delhi,Chennai,6.67,0.55,Air,83,1.62,0.13,84.75
SHIP10612,Hyderabad,Mumbai,6.05,0.5,Road,102,0.68,0.43,103.11000000000001
SHIP10613,Bangalore,Hyderabad,12.34,0.6,Road,67,1.41,0.57,68.97999999999999
SHIP10614,Pune,Bangalore,15.41,0.34,Air,72,1.24,0.88,74.11999999999999
SHIP10615,Chennai,Chennai,1.51,0.52,Rail,49,1.1,0.09,50.190000000000005
SHIP10616,Hyderabad,Mumbai,7.64,0.66,Road,74,0.0,0.37,74.37
SHIP10617,Hyderabad,Bangalore,8.5,0.35,Road,73,1.62,0.85,75.47
SHIP10618,Bangalore,Delhi,5.85,0.99,Road,75,0.32,0.55,75.86999999999999
SHIP10619,Mumbai,Mumbai,12.8,0.11,Road,23,0.61,0.58,24.189999999999998
SHIP10620,Chennai,Bangalore,14.18,0.26,Air,77,1.78,0.01,78.79
SHIP10621,Hyderabad,Hyderabad,10.04,0.4,Road,88,0.14,0.06,88.2
SHIP10622,Delhi,Pune,7.39,0.02,Air,21,0.69,0.76,22.450000000000003
SHIP10623,Hyderabad,Chennai,1.9,0.58,Road,19,0.98,0.17,20.150000000000002
SHIP10624,Delhi,Hyderabad,5.67,0.35,Road,46,1.06,1.03,48.09
SHIP10625,Hyderabad,Chennai,4.58,0.79,Rail,61,0.95,0.62,62.57
SHIP10626,Bangalore,Pune,9.22,0.07,Road,33,0.76,0.57,34.33
SHIP10627,Chennai,Delhi,10.3,0.08,Air,106,0.97,0.34,107.31
SHIP10628,Pune,Chennai,13.06,0.38,Rail,17,2.04,0.98,20.02
SHIP10629,Mumbai,Bangalore,1.48,0.53,Road,48,1.15,0.16,49.309999999999995
SHIP10630,Pune,Delhi,10.92,0.27,Air,85,1.29,0.36,86.65
SHIP10631,Hyderabad,Delhi,14.73,0.99,Road,55,0.09,0.57,55.660000000000004
SHIP10632,Bangalore,Mumbai,1.81,0.71,Air,36,1.24,0.96,38.2
SHIP10633,Bangalore,Chennai,6.48,0.61,Air,23,1.14,0.67,24.810000000000002
SHIP10634,Pune,Pune,9.9,0.51,Air,18,1.65,0.6,20.25
SHIP10635,Chennai,Bangalore,13.64,0.07,Air,75,0.29,0.17,75.46000000000001
SHIP10636,Chennai,Pune,12.01,0.28,Road,97,0.57,0.46,98.02999999999999
SHIP10637,Bangalore,Delhi,17.47,0.8,Road,22,1.02,0.53,23.55
SHIP10638,Pune,Bangalore,19.84,0.26,Road,70,1.37,0.73,72.10000000000001
SHIP10639,Bangalore,Bangalore,23.83,0.15,Road,35,0.9,0.23,36.129999999999995
SHIP10640,Hyderabad,Hyderabad,0.5,0.22,Road,34,1.11,0.72,35.83
SHIP10641,Chennai,Mumbai,13.24,0.18,Air,83,1.49,0.56,85.05
SHIP10642,Hyderabad,Chennai,0.5,0.02,Sea,62,1.88,0.24,64.12
SHIP10643,Chennai,Bangalore,14.22,0.09,Road,100,1.12,0.31,101.43
SHIP10644,Chennai,Mumbai,14.58,0.5,Road,94,1.26,0.93,96.19000000000001
SHIP10645,Hyderabad,Hyderabad,13.03,0.69,Road,44,0.9,0.94,45.839999999999996
SHIP10646,Delhi,Hyderabad,9.79,0.75,Road,93,0.86,0.53,94.39
SHIP10647,Bangalore,Chennai,14.8,0.13,Sea,115,0.69,0.56,116.25
SHIP10648,Mumbai,Chennai,9.38,0.03,Road,105,0.43,0.66,106.09
SHIP10649,Delhi,Hyderabad,10.06,0.06,Air,72,1.65,0.3,73.95
SHIP10650,Mumbai,Chennai,13.85,0.48,Air,117,0.85,0.45,118.3
SHIP10651,Mumbai,Bangalore,22.34,0.23,Road,117,1.42,0.88,119.3
SHIP10652,Hyderabad,Delhi,10.89,0.35,Rail,39,1.19,0.0,40.19
SHIP10653,Delhi,Delhi,20.64,0.99,Rail,53,1.37,0.0,54.37
SHIP10654,Delhi,Hyderabad,0.5,0.85,Rail,76,1.4,0.28,77.68
SHIP10655,Hyderabad,Delhi,8.33,0.24,Air,116,0.56,0.74,117.3
SHIP10656,Chennai,Delhi,12.47,0.08,Road,107,1.49,0.07,108.55999999999999
SHIP10657,Bangalore,Bangalore,5.42,0.25,Road,67,0.72,0.96,68.67999999999999
SHIP10658,Delhi,Hyderabad,4.8,0.86,Road,92,0.66,0.75,93.41
SHIP10659,Bangalore,Mumbai,7.61,0.71,Air,37,0.53,0.97,38.5
SHIP10660,Chennai,Hyderabad,4.87,0.33,Air,89,1.02,0.46,90.47999999999999
SHIP10661,Mumbai,Hyderabad,4.54,0.93,Sea,94,1.52,0.61,96.13
SHIP10662,Mumbai,Hyderabad,11.15,0.12,Air,119,2.05,1.13,122.17999999999999
SHIP10663,Chennai,Chennai,13.77,0.02,Rail,17,0.06,0.48,17.54
SHIP10664,Delhi,Bangalore,12.74,0.38,Air,61,0.91,0.4,62.309999999999995
SHIP10665,Mumbai,Hyderabad,11.02,0.47,Road,116,0.9,0.39,117.29
SHIP10666,Hyderabad,Mumbai,16.53,0.68,Rail,18,1.18,0.58,19.759999999999998
SHIP10667,Hyderabad,Pune,3.79,0.79,Air,115,1.03,0.87,116.9
SHIP10668,Hyderabad,Hyderabad,7.52,0.52,Air,86,1.76,0.83,88.59
SHIP10669,Pune,Hyderabad,11.73,0.54,Rail,55,0.61,0.26,55.87
SHIP10670,Bangalore,Chennai,9.57,0.53,Rail,64,0.89,0.56,65.45
SHIP10671,Pune,Hyderabad,15.67,0.35,Road,96,1.13,0.9,98.03
SHIP10672,Hyderabad,Delhi,6.49,0.1,Road,42,0.41,0.27,42.68
SHIP10673,Chennai,Mumbai,14.91,0.74,Road,39,0.2,0.0,39.2
SHIP10674,Hyderabad,Hyderabad,5.93,0.46,Road,111,0.68,0.88,112.56
SHIP10675,Delhi,Bangalore,10.39,0.05,Rail,21,1.61,0.67,23.28
SHIP10676,Delhi,Bangalore,3.63,0.7,Road,21,1.41,0.7,23.11
SHIP10677,Pune,Hyderabad,13.75,0.34,Road,60,0.92,0.43,61.35
SHIP10678,Chennai,Delhi,14.15,0.13,Road,34,1.75,0.48,36.23
SHIP10679,Hyderabad,Mumbai,5.21,0.25,Road,22,0.9,0.91,23.81
SHIP10680,Bangalore,Chennai,8.87,0.58,Rail,83,1.22,0.32,84.53999999999999
SHIP10681,Hyderabad,Hyderabad,13.37,0.91,Road,37,0.84,0.32,38.160000000000004
SHIP10682,Pune,Bangalore,6.09,0.19,Rail,38,0.78,0.45,39.230000000000004
SHIP10683,Delhi,Bangalore,14.13,0.91,Air,106,1.44,0.72,108.16
SHIP10684,Delhi,Pune,11.28,0.99,Road,11,0.58,0.71,12.29
SHIP10685,Bangalore,Mumbai,12.55,0.86,Road,78,0.92,0.52,79.44
SHIP10686,Hyderabad,Bangalore,10.53,0.99,Air,23,1.59,0.23,24.82
SHIP10687,Pune,Delhi,13.14,0.6,Road,31,1.04,1.24,33.28
SHIP10688,Pune,Bangalore,14.78,1.0,Road,20,0.0,0.94,20.94
SHIP10689,Chennai,Pune,4.76,0.37,Road,39,1.34,0.25,40.59
SHIP10690,Delhi,Hyderabad,13.8,0.86,Road,25,0.7,0.44,26.14
SHIP10691,Mumbai,Chennai,8.57,0.25,Road,23,1.85,0.77,25.62
SHIP10692,Hyderabad,Bangalore,5.37,0.71,Road,103,1.47,0.69,105.16
SHIP10693,Hyderabad,Pune,12.88,0.69,Rail,37,1.84,0.85,39.690000000000005
SHIP10694,Pune,Mumbai,8.6,0.03,Rail,90,1.04,0.42,91.46000000000001
SHIP10695,Mumbai,Bangalore,18.75,0.3,Rail,16,1.55,0.04,17.59
SHIP10696,Mumbai,Chennai,15.44,0.55,Road,103,0.32,0.25,103.57
SHIP10697,Pune,Hyderabad,21.77,0.52,Road,88,0.56,0.52,89.08
SHIP10698,Delhi,Chennai,6.32,0.84,Road,95,0.88,0.1,95.97999999999999
SHIP10699,Delhi,Pune,7.46,0.71,Road,56,1.23,0.67,57.9
SHIP10700,Mumbai,Mumbai,6.4,0.14,Air,52,1.5,0.81,54.31
SHIP10701,Hyderabad,Pune,7.98,0.11,Road,21,0.61,0.12,21.73
SHIP10702,Hyderabad,Delhi,12.08,0.77,Air,36,1.36,0.6,37.96
SHIP10703,Bangalore,Chennai,11.24,0.63,Air,45,0.81,0.91,46.72
SHIP10704,Chennai,Pune,9.78,0.7,Road,67,0.69,0.81,68.5
SHIP10705,Delhi,Mumbai,0.5,0.5,Road,56,1.66,0.1,57.76
SHIP10706,Mumbai,Delhi,10.9,0.97,Road,73,1.93,0.47,75.4
SHIP10707,Pune,Chennai,1.4,0.47,Rail,30,1.03,1.0,32.03
SHIP10708,Delhi,Pune,7.07,0.85,Air,72,1.22,0.68,73.9
SHIP10709,Chennai,Bangalore,6.81,0.3,Air,13,1.4,0.23,14.63
SHIP10710,Hyderabad,Bangalore,17.86,0.21,Air,52,0.63,0.43,53.06
SHIP10711,Mumbai,Chennai,9.85,0.32,Air,79,0.21,0.55,79.75999999999999
SHIP10712,Delhi,Mumbai,2.32,0.99,Air,61,0.61,0.36,61.97
SHIP10713,Bangalore,Delhi,7.08,0.24,Road,43,1.56,0.6,45.160000000000004
SHIP10714,Mumbai,Mumbai,8.08,0.32,Road,84,0.99,0.17,85.16
SHIP10715,Mumbai,Hyderabad,11.9,0.79,Road,115,1.23,0.7,116.93
SHIP10716,Pune,Chennai,13.6,0.71,Air,82,0.88,0.24,83.11999999999999
SHIP10717,Bangalore,Mumbai,9.86,0.42,Air,80,1.19,0.0,81.19
SHIP10718,Bangalore,Mumbai,14.06,0.68,Road,113,1.45,0.43,114.88000000000001
SHIP10719,Bangalore,Bangalore,13.26,0.33,Air,58,1.81,0.53,60.34
SHIP10720,Bangalore,Hyderabad,11.06,0.36,Road,73,0.8,0.16,73.96
SHIP10721,Delhi,Pune,16.42,0.57,Rail,107,1.98,0.8,109.78
SHIP10722,Chennai,Chennai,22.2,0.88,Air,109,0.17,0.57,109.74
SHIP10723,Mumbai,Delhi,5.77,0.08,Road,23,1.46,0.52,24.98
SHIP10724,Pune,Hyderabad,12.25,0.9,Rail,113,0.49,0.73,114.22
SHIP10725,Chennai,Bangalore,7.23,0.73,Road,96,0.67,0.13,96.8
SHIP10726,Bangalore,Bangalore,9.82,0.22,Road,62,0.34,0.77,63.11000000000001
SHIP10727,Bangalore,Hyderabad,10.4,0.93,Road,11,0.15,0.57,11.72
SHIP10728,Bangalore,Bangalore,11.73,0.59,Air,43,1.85,0.43,45.28
SHIP10729,Bangalore,Pune,9.73,0.25,Rail,107,1.44,0.11,108.55
SHIP10730,Pune,Pune,17.52,0.33,Rail,105,0.77,0.26,106.03
SHIP10731,Pune,Pune,11.37,0.99,Road,75,0.88,0.41,76.28999999999999
SHIP10732,Delhi,Delhi,20.86,0.96,Road,22,0.63,0.67,23.3
SHIP10733,Pune,Hyderabad,17.06,0.99,Rail,107,0.75,0.32,108.07
SHIP10734,Hyderabad,Hyderabad,7.95,0.14,Road,25,0.93,0.16,26.09
SHIP10735,Delhi,Chennai,8.87,0.42,Rail,92,1.64,1.25,94.89
SHIP10736,Bangalore,Pune,13.41,0.07,Road,28,1.23,0.04,29.27
SHIP10737,Delhi,Bangalore,7.71,0.54,Air,89,0.64,0.01,89.65
SHIP10738,Mumbai,Bangalore,16.66,0.02,Air,89,0.83,0.42,90.25
SHIP10739,Pune,Bangalore,3.17,0.18,Road,30,1.45,0.47,31.919999999999998
SHIP10740,Chennai,Mumbai,14.8,0.64,Road,72,0.85,0.62,73.47
SHIP10741,Bangalore,Pune,8.69,0.02,Road,77,1.09,0.53,78.62
SHIP10742,Mumbai,Pune,9.86,0.78,Road,106,0.0,0.81,106.81
SHIP10743,Chennai,Mumbai,10.02,0.9,Road,79,1.71,1.02,81.72999999999999
SHIP10744,Delhi,Mumbai,11.57,0.93,Road,49,0.24,0.53,49.77
SHIP10745,Pune,Pune,14.66,0.72,Road,25,1.19,0.5,26.69
SHIP10746,Chennai,Bangalore,14.92,0.91,Road,82,1.63,0.04,83.67
SHIP10747,Pune,Mumbai,8.68,0.56,Air,72,2.25,0.54,74.79
SHIP10748,Delhi,Mumbai,12.1,0.91,Road,74,1.17,0.56,75.73
SHIP10749,Chennai,Mumbai,9.9,0.77,Road,116,0.67,0.98,117.65
SHIP10750,Bangalore,Chennai,13.01,0.13,Road,90,0.55,0.55,91.1
SHIP10751,Bangalore,Hyderabad,13.31,0.98,Air,85,1.25,0.62,86.87
SHIP10752,Delhi,Mumbai,5.6,0.27,Road,12,1.09,0.37,13.459999999999999
SHIP10753,Chennai,Delhi,11.65,0.43,Air,50,0.45,0.76,51.21
SHIP10754,Delhi,Chennai,12.08,0.19,Air,111,1.03,0.05,112.08
SHIP10755,Bangalore,Chennai,0.5,0.94,Road,28,0.44,0.87,29.310000000000002
SHIP10756,Hyderabad,Chennai,3.4,0.17,Road,76,0.47,0.35,76.82
SHIP10757,Bangalore,Chennai,11.33,0.74,Road,59,0.94,0.59,60.53
SHIP10758,Hyderabad,Hyderabad,10.62,0.46,Road,93,0.6,0.46,94.05999999999999
SHIP10759,Pune,Delhi,4.3,0.21,Road,83,0.0,0.81,83.81
SHIP10760,Hyderabad,Pune,10.37,0.19,Road,73,1.03,0.68,74.71000000000001
SHIP10761,Delhi,Bangalore,8.93,0.96,Road,70,0.96,0.32,71.27999999999999
SHIP10762,Pune,Bangalore,9.61,0.63,Road,16,1.15,0.7,17.849999999999998
SHIP10763,Hyderabad,Hyderabad,5.65,0.23,Road,45,1.19,0.42,46.61
SHIP10764,Mumbai,Delhi,16.33,0.71,Road,111,1.65,0.11,112.76
SHIP10765,Hyderabad,Chennai,12.6,0.55,Road,74,1.59,0.25,75.84
SHIP10766,Bangalore,Pune,7.6,0.3,Air,99,0.09,0.64,99.73
SHIP10767,Pune,Mumbai,14.52,0.39,Road,87,1.38,0.45,88.83
SHIP10768,Delhi,Delhi,15.36,0.2,Air,60,1.32,0.49,61.81
SHIP10769,Bangalore,Mumbai,5.9,0.89,Road,47,3.1,1.19,51.29
SHIP10770,Chennai,Mumbai,16.57,0.5,Sea,19,0.68,0.85,20.53
SHIP10771,Bangalore,Mumbai,12.84,0.33,Road,108,1.64,0.49,110.13
SHIP10772,Mumbai,Mumbai,10.53,0.97,Road,26,0.9,1.23,28.13
SHIP10773,Chennai,Delhi,15.56,0.2,Road,96,0.6,0.31,96.91
SHIP10774,Hyderabad,Chennai,13.4,0.81,Road,101,0.8,0.82,102.61999999999999
SHIP10775,Chennai,Hyderabad,12.88,0.16,Air,45,0.92,0.66,46.58
SHIP10776,Hyderabad,Chennai,18.49,0.16,Road,92,1.52,0.79,94.31
SHIP10777,Bangalore,Pune,5.35,0.55,Road,107,1.49,0.85,109.33999999999999
SHIP10778,Delhi,Pune,10.75,0.08,Air,97,0.9,0.68,98.58000000000001
SHIP10779,Delhi,Bangalore,5.51,0.67,Air,35,1.03,0.9,36.93
SHIP10780,Bangalore,Bangalore,11.43,0.78,Air,58,1.08,0.46,59.54
SHIP10781,Mumbai,Hyderabad,14.43,0.85,Road,71,1.73,0.7,73.43
SHIP10782,Hyderabad,Chennai,0.5,0.26,Air,111,1.84,0.78,113.62
SHIP10783,Bangalore,Pune,7.15,0.79,Road,16,0.44,0.5,16.94
SHIP10784,Delhi,Hyderabad,11.42,1.0,Road,74,0.15,0.2,74.35000000000001
SHIP10785,Chennai,Mumbai,14.12,0.93,Road,83,0.95,0.44,84.39
SHIP10786,Bangalore,Chennai,15.17,0.94,Air,31,0.8,0.7,32.5
SHIP10787,Hyderabad,Bangalore,2.89,0.91,Air,38,1.37,0.24,39.61
SHIP10788,Hyderabad,Chennai,10.86,0.13,Sea,43,1.3,0.61,44.91
SHIP10789,Bangalore,Delhi,3.82,0.08,Sea,12,0.81,0.35,13.16
SHIP10790,Delhi,Bangalore,9.93,0.09,Air,28,1.5,0.01,29.51
SHIP10791,Bangalore,Hyderabad,0.5,0.74,Rail,52,0.57,0.23,52.8
SHIP10792,Hyderabad,Bangalore,12.41,0.16,Road,63,1.65,0.97,65.62
SHIP10793,Chennai,Pune,8.63,0.05,Air,66,0.77,0.56,67.33
SHIP10794,Mumbai,Delhi,6.02,0.61,Sea,113,0.72,0.19,113.91
SHIP10795,Chennai,Pune,10.59,0.18,Rail,11,0.47,0.55,12.020000000000001
SHIP10796,Hyderabad,Hyderabad,1.05,0.65,Road,84,2.52,0.6,87.11999999999999
SHIP10797,Mumbai,Pune,12.27,0.34,Air,36,1.79,0.15,37.94
SHIP10798,Hyderabad,Hyderabad,4.4,0.14,Road,14,1.31,0.65,15.96
SHIP10799,Hyderabad,Hyderabad,15.51,0.79,Road,22,1.17,0.98,24.150000000000002
SHIP10800,Pune,Pune,4.62,0.66,Road,84,1.22,0.57,85.78999999999999
SHIP10801,Bangalore,Pune,8.32,0.6,Air,31,2.09,0.24,33.330000000000005
SHIP10802,Delhi,Pune,19.72,0.83,Air,39,0.34,0.44,39.78
SHIP10803,Mumbai,Chennai,2.0,0.39,Road,14,0.17,0.33,14.5
SHIP10804,Bangalore,Hyderabad,9.61,0.04,Road,84,1.48,0.4,85.88000000000001
SHIP10805,Chennai,Pune,9.49,0.38,Air,110,1.45,0.58,112.03
SHIP10806,Mumbai,Delhi,20.94,0.31,Road,13,1.61,0.76,15.37
SHIP10807,Delhi,Mumbai,10.68,0.67,Road,60,1.38,0.86,62.24
SHIP10808,Delhi,Delhi,11.65,0.46,Road,92,0.8,0.57,93.36999999999999
SHIP10809,Mumbai,Hyderabad,11.37,0.55,Sea,26,1.69,0.76,28.450000000000003
SHIP10810,Delhi,Pune,13.6,0.38,Road,87,1.2,0.21,88.41
SHIP10811,Chennai,Hyderabad,8.79,0.94,Road,93,1.25,0.78,95.03
SHIP10812,Hyderabad,Mumbai,11.46,0.54,Air,78,0.61,0.37,78.98
SHIP10813,Hyderabad,Chennai,16.42,0.87,Rail,87,0.68,1.04,88.72000000000001
SHIP10814,Pune,Mumbai,8.05,0.89,Road,117,0.0,0.06,117.06
SHIP10815,Mumbai,Chennai,9.93,0.49,Road,41,1.03,0.08,42.11
SHIP10816,Bangalore,Mumbai,5.19,0.26,Air,46,0.31,0.55,46.86
SHIP10817,Chennai,Mumbai,15.53,0.55,Air,29,1.47,0.22,30.689999999999998
SHIP10818,Pune,Hyderabad,1.3,0.56,Air,65,1.43,0.0,66.43
SHIP10819,Pune,Delhi,12.37,0.54,Road,53,0.55,0.75,54.3
SHIP10820,Pune,Hyderabad,7.04,0.78,Air,96,1.99,0.0,97.99
SHIP10821,Chennai,Delhi,17.58,0.43,Air,27,2.2,0.27,29.47
SHIP10822,Hyderabad,Hyderabad,3.67,0.74,Road,100,0.56,0.2,100.76
SHIP10823,Hyderabad,Pune,10.35,0.41,Road,13,0.85,0.75,14.6
SHIP10824,Delhi,Hyderabad,4.04,0.12,Sea,77,0.82,0.74,78.55999999999999
SHIP10825,Mumbai,Bangalore,10.62,0.94,Road,73,0.77,0.96,74.72999999999999
SHIP10826,Mumbai,Pune,2.28,0.82,Air,17,1.22,0.86,19.08
SHIP10827,Mumbai,Delhi,12.15,0.92,Road,21,0.84,0.3,22.14
SHIP10828,Delhi,Delhi,13.84,0.63,Road,37,1.71,0.24,38.95
SHIP10829,Pune,Hyderabad,7.59,0.2,Rail,36,1.29,0.6,37.89
SHIP10830,Bangalore,Delhi,10.48,0.13,Air,117,0.99,0.38,118.36999999999999
SHIP10831,Pune,Mumbai,11.71,0.56,Air,36,0.58,0.59,37.17
SHIP10832,Bangalore,Mumbai,6.31,0.85,Rail,57,0.7,0.15,57.85
SHIP10833,Pune,Bangalore,9.0,0.26,Road,53,0.87,0.53,54.4
SHIP10834,Bangalore,Chennai,6.03,0.89,Air,60,1.38,0.44,61.82
SHIP10835,Hyderabad,Mumbai,15.82,0.16,Road,103,2.04,1.0,106.04
SHIP10836,Pune,Mumbai,8.45,0.42,Air,85,0.66,0.25,85.91
SHIP10837,Hyderabad,Chennai,10.95,0.27,Rail,87,1.28,0.28,88.56
SHIP10838,Delhi,Hyderabad,14.59,0.92,Road,108,0.76,0.41,109.17
SHIP10839,Pune,Delhi,10.23,0.81,Road,104,0.4,0.38,104.78
SHIP10840,Mumbai,Bangalore,8.47,0.48,Air,85,1.91,0.1,87.00999999999999
SHIP10841,Pune,Mumbai,10.29,0.64,Sea,53,1.34,0.47,54.81
SHIP10842,Delhi,Bangalore,17.1,0.94,Road,17,0.25,0.46,17.71
SHIP10843,Bangalore,Mumbai,11.18,0.98,Air,114,1.28,0.0,115.28
SHIP10844,Delhi,Hyderabad,11.45,0.92,Air,117,1.62,0.8,119.42
SHIP10845,Hyderabad,Pune,12.37,0.85,Road,95,0.66,0.68,96.34
SHIP10846,Pune,Hyderabad,15.64,0.71,Road,43,0.29,0.36,43.65
SHIP10847,Pune,Hyderabad,8.96,0.47,Road,50,1.24,0.4,51.64
SHIP10848,Pune,Mumbai,9.97,0.78,Road,87,0.85,0.03,87.88
SHIP10849,Hyderabad,Bangalore,5.21,0.68,Road,89,0.89,0.62,90.51
SHIP10850,Delhi,Bangalore,5.9,0.9,Road,104,0.79,0.58,105.37
SHIP10851,Mumbai,Pune,2.66,0.41,Air,50,1.59,0.51,52.1
SHIP10852,Pune,Chennai,1.45,0.84,Air,56,0.6,0.68,57.28
SHIP10853,Mumbai,Mumbai,12.31,0.03,Road,39,1.9,0.67,41.57
SHIP10854,Hyderabad,Chennai,10.62,0.54,Road,29,0.72,0.67,30.39
SHIP10855,Mumbai,Mumbai,7.63,0.2,Road,68,1.8,0.58,70.38
SHIP10856,Chennai,Mumbai,16.38,0.64,Road,46,0.9,0.24,47.14
SHIP10857,Chennai,Pune,6.61,0.47,Road,31,0.46,0.36,31.82
SHIP10858,Delhi,Delhi,19.42,0.13,Air,10,1.33,0.08,11.41
SHIP10859,Chennai,Delhi,3.93,0.62,Sea,93,1.78,0.77,95.55
SHIP10860,Chennai,Bangalore,11.87,0.72,Air,35,0.76,0.09,35.85
SHIP10861,Chennai,Chennai,8.0,0.47,Air,35,0.54,0.65,36.19
SHIP10862,Delhi,Hyderabad,8.87,0.11,Road,83,0.59,0.41,84.0
SHIP10863,Delhi,Mumbai,12.69,0.26,Sea,58,1.04,0.21,59.25
SHIP10864,Pune,Bangalore,4.58,0.92,Road,51,0.0,0.32,51.32
SHIP10865,Pune,Pune,15.99,0.33,Road,30,1.55,0.63,32.18
SHIP10866,Bangalore,Hyderabad,7.14,0.61,Air,93,0.99,0.46,94.44999999999999
SHIP10867,Pune,Chennai,15.29,0.81,Rail,41,1.4,0.91,43.309999999999995
SHIP10868,Hyderabad,Chennai,16.09,0.59,Rail,105,0.51,1.0,106.51
SHIP10869,Delhi,Hyderabad,14.7,0.42,Road,55,0.72,1.02,56.74
SHIP10870,Mumbai,Bangalore,15.21,0.04,Sea,30,1.2,1.09,32.29
SHIP10871,Delhi,Mumbai,2.29,0.55,Air,111,0.98,0.51,112.49000000000001
SHIP10872,Mumbai,Hyderabad,7.32,0.88,Air,19,1.12,0.7,20.82
SHIP10873,Bangalore,Hyderabad,10.25,1.0,Road,85,1.78,0.71,87.49
SHIP10874,Pune,Delhi,7.99,0.76,Rail,58,1.15,0.02,59.17
SHIP10875,Mumbai,Pune,12.02,0.61,Road,110,0.47,1.03,111.5
SHIP10876,Chennai,Mumbai,17.37,0.05,Road,43,0.93,0.41,44.339999999999996
SHIP10877,Hyderabad,Pune,11.41,0.97,Road,82,0.26,0.71,82.97
SHIP10878,Hyderabad,Pune,4.97,0.42,Road,10,1.14,0.46,11.600000000000001
SHIP10879,Pune,Mumbai,15.82,0.93,Road,35,1.29,0.18,36.47
SHIP10880,Chennai,Pune,13.62,0.43,Air,99,1.44,0.45,100.89
SHIP10881,Mumbai,Chennai,15.56,0.23,Road,18,1.13,0.6,19.73
SHIP10882,Hyderabad,Hyderabad,8.22,0.77,Road,45,0.95,0.34,46.290000000000006
SHIP10883,Bangalore,Bangalore,13.93,0.76,Air,54,1.1,0.39,55.49
SHIP10884,Mumbai,Pune,11.65,0.69,Road,22,2.13,0.22,24.349999999999998
SHIP10885,Pune,Mumbai,15.12,0.54,Air,43,1.17,0.53,44.7
SHIP10886,Mumbai,Bangalore,24.38,0.55,Road,15,0.32,0.26,15.58
SHIP10887,Pune,Delhi,15.56,0.63,Road,119,1.16,0.9,121.06
SHIP10888,Bangalore,Chennai,7.38,0.77,Air,96,1.21,0.24,97.44999999999999
SHIP10889,Chennai,Mumbai,8.18,0.47,Road,41,1.52,0.91,43.43
SHIP10890,Chennai,Pune,2.29,0.89,Road,116,1.19,0.3,117.49
SHIP10891,Mumbai,Bangalore,4.93,0.92,Rail,50,0.84,0.56,51.400000000000006
SHIP10892,Pune,Pune,17.46,0.11,Road,52,0.95,0.72,53.67
SHIP10893,Mumbai,Bangalore,9.15,0.88,Road,99,1.03,0.0,100.03
SHIP10894,Chennai,Hyderabad,0.5,0.23,Rail,74,1.79,0.27,76.06
SHIP10895,Mumbai,Mumbai,11.45,0.12,Rail,54,1.75,0.45,56.2
SHIP10896,Bangalore,Delhi,6.56,0.59,Road,98,1.05,0.66,99.71
SHIP10897,Chennai,Hyderabad,10.58,0.7,Sea,101,0.95,0.94,102.89
SHIP10898,Chennai,Hyderabad,7.94,0.56,Road,77,0.96,0.24,78.19999999999999
SHIP10899,Mumbai,Pune,13.3,0.44,Air,99,0.71,0.57,100.27999999999999
SHIP10900,Hyderabad,Hyderabad,13.62,0.36,Road,72,1.56,0.49,74.05
SHIP10901,Mumbai,Hyderabad,14.47,0.45,Road,21,1.77,0.66,23.43
SHIP10902,Mumbai,Mumbai,5.05,0.93,Rail,63,1.34,0.5,64.84
SHIP10903,Pune,Chennai,7.35,0.68,Rail,50,0.6,0.34,50.940000000000005
SHIP10904,Delhi,Chennai,10.0,0.8,Road,108,0.62,0.0,108.62
SHIP10905,Bangalore,Bangalore,3.53,0.94,Rail,116,0.51,0.4,116.91000000000001
SHIP10906,Chennai,Chennai,9.3,0.92,Sea,80,1.8,0.2,82.0
SHIP10907,Bangalore,Bangalore,12.27,0.64,Air,32,1.45,0.86,34.31
SHIP10908,Bangalore,Chennai,18.88,0.26,Road,77,1.2,0.78,78.98
SHIP10909,Mumbai,Hyderabad,4.71,0.62,Air,37,0.95,0.78,38.730000000000004
SHIP10910,Mumbai,Delhi,7.74,0.83,Rail,10,1.4,1.08,12.48
SHIP10911,Chennai,Pune,18.43,0.86,Road,13,0.88,0.09,13.97
SHIP10912,Chennai,Chennai,1.02,0.04,Rail,46,1.05,1.13,48.18
SHIP10913,Pune,Delhi,14.96,0.3,Air,49,0.73,0.26,49.989999999999995
SHIP10914,Chennai,Bangalore,10.49,0.21,Road,92,1.04,0.19,93.23
SHIP10915,Delhi,Bangalore,6.92,0.98,Rail,79,1.23,0.52,80.75
SHIP10916,Chennai,Pune,7.76,0.31,Air,59,0.58,0.78,60.36
SHIP10917,Mumbai,Mumbai,8.23,0.04,Air,59,0.82,0.41,60.23
SHIP10918,Bangalore,Bangalore,10.46,0.42,Road,53,1.27,0.73,55.0
SHIP10919,Delhi,Delhi,13.89,0.83,Rail,88,0.67,0.0,88.67
SHIP10920,Hyderabad,Chennai,8.39,0.02,Air,107,0.54,0.19,107.73
SHIP10921,Mumbai,Bangalore,10.45,0.37,Road,28,0.71,0.87,29.580000000000002
SHIP10922,Delhi,Mumbai,15.78,0.11,Road,83,0.64,0.24,83.88
SHIP10923,Hyderabad,Bangalore,17.88,0.27,Road,17,0.68,0.78,18.46
SHIP10924,Chennai,Delhi,13.85,0.12,Road,74,1.03,0.03,75.06
SHIP10925,Delhi,Pune,4.82,0.95,Rail,48,0.0,0.47,48.47
SHIP10926,Mumbai,Delhi,0.5,0.84,Road,71,2.0,0.33,73.33
SHIP10927,Hyderabad,Pune,10.26,0.82,Road,79,0.22,0.23,79.45
SHIP10928,Pune,Chennai,21.56,0.78,Rail,83,0.94,0.38,84.32
SHIP10929,Mumbai,Pune,2.84,0.75,Rail,71,0.69,0.23,71.92
SHIP10930,Pune,Chennai,14.61,0.06,Rail,22,1.49,0.5,23.99
SHIP10931,Chennai,Mumbai,6.64,0.29,Road,55,0.33,0.53,55.86
SHIP10932,Mumbai,Hyderabad,14.42,0.25,Air,47,1.68,0.62,49.3
SHIP10933,Delhi,Bangalore,9.52,0.22,Road,70,0.87,0.18,71.05000000000001
SHIP10934,Hyderabad,Hyderabad,12.06,0.66,Rail,45,1.28,0.0,46.28
SHIP10935,Bangalore,Hyderabad,11.81,0.03,Air,83,0.0,0.64,83.64
SHIP10936,Pune,Pune,11.54,0.61,Road,73,0.03,0.61,73.64
SHIP10937,Pune,Pune,8.86,0.32,Road,68,1.04,0.5,69.54
SHIP10938,Delhi,Delhi,12.31,0.63,Air,73,0.37,0.2,73.57000000000001
SHIP10939,Hyderabad,Pune,4.79,0.44,Road,102,1.04,0.91,103.95
SHIP10940,Delhi,Chennai,6.06,0.28,Air,93,1.13,0.91,95.03999999999999
SHIP10941,Pune,Bangalore,9.3,1.0,Road,104,1.53,0.65,106.18
SHIP10942,Mumbai,Bangalore,0.99,0.99,Road,25,0.88,0.22,26.099999999999998
SHIP10943,Chennai,Bangalore,18.03,0.56,Road,93,0.73,0.07,93.8
SHIP10944,Mumbai,Chennai,12.32,0.69,Air,70,0.39,0.06,70.45
SHIP10945,Mumbai,Chennai,14.07,0.02,Air,11,0.23,0.67,11.9
SHIP10946,Pune,Mumbai,19.06,0.86,Air,109,0.72,0.26,109.98
SHIP10947,Bangalore,Mumbai,19.88,0.38,Road,71,1.09,0.52,72.61
SHIP10948,Mumbai,Delhi,12.13,0.35,Road,84,0.96,0.4,85.36
SHIP10949,Pune,Bangalore,1.77,0.95,Sea,61,1.49,0.61,63.1
SHIP10950,Chennai,Pune,3.17,0.01,Road,52,1.21,0.15,53.36
SHIP10951,Delhi,Chennai,7.71,0.8,Rail,53,1.34,0.98,55.32
SHIP10952,Mumbai,Hyderabad,4.64,0.91,Road,73,1.03,0.42,74.45
SHIP10953,Bangalore,Pune,12.86,0.14,Air,85,0.41,0.58,85.99
SHIP10954,Hyderabad,Chennai,7.23,0.96,Air,75,1.2,0.93,77.13000000000001
SHIP10955,Delhi,Pune,8.28,0.49,Air,50,0.59,0.31,50.900000000000006
SHIP10956,Chennai,Hyderabad,8.96,1.0,Road,10,1.63,0.39,12.02
SHIP10957,Bangalore,Delhi,4.99,0.28,Rail,93,0.11,0.45,93.56
SHIP10958,Hyderabad,Pune,5.63,0.82,Road,51,0.95,0.78,52.730000000000004
SHIP10959,Bangalore,Hyderabad,10.77,0.78,Road,33,1.03,0.71,34.74
SHIP10960,Mumbai,Bangalore,13.33,0.6,Road,42,0.82,0.48,43.3
SHIP10961,Hyderabad,Bangalore,11.25,0.34,Road,110,1.08,0.28,111.36
SHIP10962,Hyderabad,Bangalore,8.84,0.43,Road,19,0.86,0.25,20.11
SHIP10963,Delhi,Delhi,1.45,0.26,Road,52,0.3,0.24,52.54
SHIP10964,Bangalore,Hyderabad,22.24,0.89,Rail,55,1.9,0.07,56.97
SHIP10965,Chennai,Hyderabad,11.13,0.92,Road,36,0.6,0.75,37.35
SHIP10966,Bangalore,Pune,7.96,0.21,Air,97,0.45,0.39,97.84
SHIP10967,Pune,Hyderabad,8.69,0.92,Air,33,0.0,0.79,33.79
SHIP10968,Hyderabad,Bangalore,9.03,0.13,Air,69,0.01,0.82,69.83
SHIP10969,Hyderabad,Chennai,17.28,0.38,Road,108,0.91,0.36,109.27
SHIP10970,Hyderabad,Pune,9.8,0.48,Rail,71,0.91,1.47,73.38
SHIP10971,Chennai,Pune,8.44,0.6,Air,109,1.41,0.38,110.78999999999999
SHIP10972,Delhi,Hyderabad,2.6,0.31,Sea,62,1.62,1.06,64.67999999999999
SHIP10973,Chennai,Pune,12.27,0.45,Road,38,1.8,1.18,40.98
SHIP10974,Pune,Delhi,6.72,0.53,Air,49,0.57,0.55,50.12
SHIP10975,Hyderabad,Hyderabad,20.54,0.64,Air,14,0.61,0.26,14.87
SHIP10976,Mumbai,Delhi,13.25,0.02,Rail,82,1.2,0.87,84.07000000000001
SHIP10977,Chennai,Chennai,7.45,0.06,Air,94,0.4,0.43,94.83000000000001
SHIP10978,Hyderabad,Hyderabad,8.71,0.12,Road,86,1.09,0.67,87.76
SHIP10979,Mumbai,Mumbai,4.85,0.41,Rail,109,0.0,0.52,109.52
SHIP10980,Mumbai,Chennai,16.66,0.3,Road,22,1.25,0.63,23.88
SHIP10981,Hyderabad,Delhi,14.88,0.85,Road,94,0.88,0.14,95.02
SHIP10982,Hyderabad,Pune,12.29,0.95,Sea,92,0.8,0.45,93.25
SHIP10983,Bangalore,Delhi,9.44,0.58,Road,94,2.13,0.24,96.36999999999999
SHIP10984,Pune,Chennai,4.22,0.54,Road,10,0.33,0.76,11.09
SHIP10985,Bangalore,Chennai,15.11,0.31,Road,55,0.42,0.26,55.68
SHIP10986,Bangalore,Mumbai,13.52,0.82,Rail,38,0.94,0.34,39.28
SHIP10987,Hyderabad,Hyderabad,2.87,0.09,Air,65,0.9,0.7,66.60000000000001
SHIP10988,Chennai,Mumbai,11.53,0.63,Road,18,0.89,0.23,19.12
SHIP10989,Chennai,Mumbai,9.66,0.86,Air,29,0.59,0.92,30.51
SHIP10990,Delhi,Bangalore,10.95,0.41,Road,85,1.08,0.33,86.41
SHIP10991,Bangalore,Hyderabad,0.5,0.06,Rail,70,0.4,0.51,70.91000000000001
SHIP10992,Bangalore,Pune,8.53,0.96,Rail,21,1.1,0.13,22.23
SHIP10993,Bangalore,Delhi,12.6,0.91,Road,66,1.31,1.13,68.44
SHIP10994,Delhi,Hyderabad,14.03,0.63,Air,91,1.84,1.0,93.84
SHIP10995,Pune,Chennai,2.14,0.75,Road,25,0.96,0.52,26.48
SHIP10996,Delhi,Pune,17.32,0.84,Air,52,0.85,1.0,53.85
SHIP10997,Mumbai,Chennai,5.32,0.83,Road,117,0.6,0.62,118.22
SHIP10998,Bangalore,Pune,6.21,0.53,Road,48,1.94,0.28,50.22
SHIP10999,Delhi,Chennai,12.38,0.32,Road,71,1.11,0.44,72.55
